Item,Ingredient
Achiote Seed,achiote seeds
Acorn Squash,acorn squash
Acorn Squash,acorn squashes
Adobo Sauce,chipotle hot sauce
Adobo Sauce,chipotle pepper adobo sauce
Adobo Sauce,chipotle peppers in adobo sauce
Adobo Sauce,chipotle sauce
Adobo Sauce,chipotles in adobo sauce
Adobo Sauce,strain adobo sauce
Agave Syrup,agave
Agave Syrup,agave nectar
Agave Syrup,agave syrup
Ajwain Seed,ajwain seeds
All Spice,all spice
All Spice,all spice powder
All Spice,allspice
All Spice,ground allspice
All Spice,jamaican allspice
All Spice,jamaican ground allspice
All Spice,whl allspice
Almond,almond
Almond Meal,almond meal
Almond Meal,almond meal - 30g
Almonds,almond flakes
Almonds,almond slivers
Almonds,almonds
Almonds,blanched almond meal
Almonds,blanched almonds
Almonds,blanched almonds and
Almonds,ground almond
Almonds,ground almonds
Almonds,roasted almonds
Almonds,roasted and almonds
Almonds,slivered almonds
Amaranth,amaranth
Amaranth,amaranth grain
Amaretto,amaretto
Amaretto,amaretto cream
Aminos,bragg liquid aminos
Aminos,braggs liquid aminos
Aminos,coconut aminos
Anchovies,anchovies
Anchovies,anchovy
Anchovies,anchovy filets
Apple,an apple
Apple,apple
Apple,apple chunks
Apple,apples
Apple,apples - &
Apple,apples from a local tree if possible
Apple,apples i use 2 granny smith apples
Apple,apples preferably jonathan
Apple,applesauce
Apple,baked apples
Apple,baking apples
Apple,baking apples are apples that have a sweet-tart balance and hold their shape when
Apple,cooking apples
Apple,delicious apple
Apple,fuji apple
Apple,gala apple
Apple,granny smith apple
Apple,granny smith apples
Apple,honey apples
Apple,honeycrisp apples
Apple,pink lady apples
Apple,tart apples
Apple,whl apple
Apple Butter,spiced apple butter
Apple Juice,apple juice
Apple Juice,freshly apple juice
Apple Sauce,apple sauce
Apple Sauce,chunky applesauce
Apple Sauce,unsweetened apple sauce
Apple Sauce,unsweetened applesauce
Apricot,apricot
Apricot,apricot halves
Apricot,apricots
Apricot,apricots and cranberries - cut to smaller pieces
Apricot,california apricots
Arame,arame
Arame,soaked arame
Arrowroot,arrowroot
Artichoke,artichoke
Artichoke,artichoke hearts
Artichoke,artichokes
Artichoke,can artichoke hearts
Artichoke,cut artichoke hearts
Artichoke,to 4 artichokes
Arugula,arugula
Arugula,arugula greens
Arugula,arugula leaves
Arugula,baby arugula
Asaparagus,asparagus
Asaparagus,asparagus spears
Asaparagus,asparagus stalks
Asaparagus,spears of asparagus
Avacado,additional toppings: avocado
Avacado,avocados into cubes
Avocados,avocado
Avocados,avocadoes
Avocados,avocados
Avocados,firm-ripe avocados
Avocados,flesh of avocado
Avocados,flesh of avocados
Avocados,haas avocados
Avocados,hass avocado
Avocados,hass avocados
Bacon,at least of turkey bacon
Bacon,bacon
Bacon,bacon bits
Bacon,bacon cubes
Bacon,bacon strips
Bacon,bacon totally optional
Bacon,canadian bacon
Bacon,fried bacon
Bacon,garnish - bacon crumbles
Bacon,optional: 2 rashers bacon
Bacon,oz. bacon into pieces
Bacon,peppered bacon
Bacon,rasher bacon
Bacon,rashers bacon
Bacon,rashers rindless streaky bacon
Bacon,thick- bacon
Bacon,turkey bacon
Bacon,un-smoked bacon
Bacon,wright brand hickory bacon
Baguette,baguette
Baguette,crusty baguette
Baguette,rustic baguette
Baharat,baharat
Baileys,baileys irish cream
Baking Mix,baking mix
Baking Pan,popsicle moulds
Baking Powder,aluminum free baking powder
Baking Powder,baking powder
Baking Powder,baking power
Baking Powder,double action baking powder
Baking Powder,double-acting baking powder
Baking Powder,saffron baking powder
Baking Powder,teaspoon baking powder
Baking Soda,aluminum free baking soda
Baking Soda,baking soda
Balsamic Vinaigrette,balsamic vinegarrette
Baking Soda,bicarbonate of soda
Balsamic Vinaigrette,balsamic vinaigrette
Balsamic Vinegar,balsamic reduction
Balsamic Vinegar,balsamic vinegar
Balsamic Vinegar,balsamic vinegar or
Balsamic Vinegar,fluid balsamic vinegar
Balsamic Vinegar,quality balsamic vinegar
Balsamic Vinegar,raimondo sicilian lemon balsamic vinegar
Bamboo,bamboo skewers
Bamboo,bamboo skewers soaked in
Banana Leaves,banana leaves
Bananas,banana
Bananas,bananas
Bananas,bananas - - 235g on
Bananas,fried bananas
Bananas,overripe banana
Bananas,strawberries/ bananas
Bananas,very browned bananas
Barbecue Sauce,american barbecue sauce
Barbecue Sauce,barbecue sauce
Barbecue Sauce,bbq sauce
Barbecue Sauce,smokey barbecue sauce
Barbecue Sauce,smoky bbq sauce
Barbecue Sauce,to 3 of barbecue sauce
Barberries,barberries
Barley,barley
Basil,basil
Basil,basil and basil sprig
Basil,basil in ribbons
Basil,basil leaves
Basil,basil leaves - torn
Basil,basil shreds
Basil,finely-chopped basil leaves
Basil,fresh basil leaves
Basil,from 1 bunch basil
Basil,garnish: basil chiffonade
Basil,lightly basil leaves
Basil,of thai basil leaves
Basil,thai basil
Basil,you can use regular basil
Bay Leaf,▢ 2 bay
Bay Leaf,bay leaf
Bay Leaf,bay leaves
Bay Leaf,bay leaves- broken
Bay Leaf,california bay leaf
Bay Leaf,eachs bay leaves
Bay Leaf,whl bay leaf
Beans,avarakkai / broad beans
Beans,beans
Beans,black beans
Beans,broad bean
Beans,broad beans
Beans,butter beans
Beans,cannelini beans
Beans,cannellini beans
Beans,fermented black beans
Beans,garbanzo beans
Beans,garbanzo beans *1
Beans,garbazo beans
Beans,great northern beans
Beans,kidney beans
Beans,lima beans *soaked overnight
Beans,long beans
Beans,mung beans
Beans,navy beans
Beans,pinto beans
Beans,s oz. cans beans
Beans,turtle beans
Beans,wax beans
Beans,z pinto beans
Beans,navy
Beef,beef
Beef,beef base
Beef,beef chuck
Beef,beef chuck meat
Beef,beef chuck roast
Beef,beef flank steaks
Beef,beef mince
Beef,beef rib steak
Beef,beef ribs
Beef,beef short ribs
Beef,beef steak
Beef,beef stew cut meat
Beef,beef stew meat
Beef,beef strip steaks
Beef,beef tenderloin
Beef,beef tenderloin steaks
Beef,better than bouillon beef base
Beef,brisket
Beef,chuck roast
Beef,corned beef
Beef,corned beef brisket
Beef,corned beef ribs
Beef,extra ground beef
Beef,fat-skimmed beef broth
Beef,fat-trimmed beef flank steak
Beef,flavor concentrated beef broth
Beef,ground beef
Beef,ground beef i like
Beef,mince beef
Beef,pan drippings from roast beef preferably
Beef,regular ground beef
Beef,sirloin beef tips
Beef,top round beef roast
Beef,well-trimmed beef chuck
Beef,ground chuck
Beef,pot roast
Beef,pot roast cut
Beef,prime rib roast
Beef,top round
Beef,vegetable burger crumbles
Beer,beer
Beer,beer - optional
Bell Pepper,▢ bell pepper
Bell Pepper,bell pepper
Bell Pepper,bell pepper / capsicum
Bell Pepper,bell pepper de-seeded
Bell Pepper,bell pepper flakes
Bell Pepper,bell peppered
Bell Pepper,bell peppers
Bell Pepper,bell peppers.
Bell Pepper,bright colored bell pepper
Bell Pepper,orange bell pepper
Bell Pepper,orange bell peppers
Bell Pepper,red bell peppers
Bell Pepper,red/orange/green bell pepper- shopping list
Bell Pepper,size bell pepper
Bell Pepper,thinly- bell peppers
Beer,guinness s out beer
Beer,wisconsin beer
Beer,guinness
Beer,lager
Beets,baby beet greens
Beets,baby beets
Beets,beet roots
Beets,beetroot
Beets,beets
Beets,golden beets
Beets,roasted beets
Bell Pepper,and orange peppers
Bell Pepper,orange pepper
Berries,berries
Berries,blackberries
Berries,blackberries - preferred - is ok too
Berries,blueberries
Berries,defrosted blackberries
Berries,freeze strawberries
Biscuits,buttermilk biscuits
Berries,garnish: raspberries
Berries,goji berries
Berries,gooseberry
Berries,mulberries
Berries,pint blueberries
Berries,poached berries
Berries,raspberries
Berries,raspberries and blueberries
Berries,strawberries
Berries,strawberries and mint leaves
Biryani Pate,hefty biryani paste
Biscuits,biscuits
Biscuits,digestive biscuits
Biscuits,digestive biscuits crumbs
Biscuits,grands flaky refrigerator biscuits
Biscuits,marie biscuits
Bitters,angostura bitters
Black Pepper,▢ ground pepper
Black Pepper,▢ pepper
Black Pepper,▢ pepper flakes
Black Pepper,½ pepper
Black Pepper,add pepper
Black Pepper,coarse pepper
Black Pepper,coarsely cracked pepper
Black Pepper,coarsely ground pepper
Black Pepper,cracked pepper
Black Pepper,flavoured pepper
Black Pepper,fresh-ground pepper
Black Pepper,freshly cracked pepper
Black Pepper,freshly milled pepper
Black Pepper,ground pepper
Black Pepper,ground pepper or
Black Pepper,ground peppercorn
Black Pepper,group pepper
Black Pepper,long pepper
Black Pepper,lots of pepper
Black Pepper,of pepper
Black Pepper,pepper
Black Pepper,pepper corns
Black Pepper,pepper corns tsp
Black Pepper,pepper grinder
Black Pepper,pepper pepper
Black Pepper,pepper powder
Black Pepper,peppercorn
Black Pepper,peppercorns
Black Pepper,peppercorns cracked
Black Pepper,pink peppercorns
Black Pepper,scotch bonnet pepper
Black Pepper,scotch bonnet peppers
Blender,a hand blender
Black Pepper,several grinds of pepper
Black Pepper,sprinkle pepper
Black Pepper,sprinkling of pepper
Black Pepper,suya pepper
Black Pepper,szechuan peppercorns
Black Pepper,t cracked pepper
Blackberries,berries i used a blackberry
Blackberries,blackberry
Bone,bone from ham 3 cups ham 1 teaspoon ground chipotle chile powder salt and pepper
Blackeyed Peas,black-eyed peas
Blackeyed Peas,blackeyed peas
Blackeyed Peas,eyed peas
Blender,hand blender
Blueberries,"driscolls blueberries, eggs"
Blueberry Jam,blueberry filling
Blueberry Jam,blueberry jam
Bok Choy,baby bok choy
Bok Choy,baby bok choy leaves
Bok Choy,bok choi
Bok Choy,bok choy
Bok Choy,regular bok choy
Bouillon,beef bouillon cubes
Bouillon,beef bouillon from cube
Bouillon,bouillon cubes
Bouillon,half of a seasoning cube
Bouillon,seasoning cube
Bouillon,seasoning cubes
Bouillon,stock cube
Bouillon,veg stock cube
Bouillon,vegetable bouillon cube
Bouillon,vegetable cube
Boullion,beef bouillon
Boullion,vegeta bouillon - plus 6 of water
Boullion,vegetable bouillon powder
Bourbon,bourbon
Bourbon,bourbon whiskey
Bran,bran
Brandy,applejack brandy
Brandy,apricot brandy
Brandy,brandy
Brandy,calvados brandy
Brandy,plum brandy
Bread,bread
Bread,bread this one is a vienna
Bread,ciabatta
Bread,croissants
Bread,crusty bread
Bread,egg bread loaf - crusts
Bread,grain bread
Bread,long breadsticks
Bread,multigrain bread
Bread,peasant bread
Bread,quality bread
Bread,rustic bread
Bread,sandwich bread
Bread,seeds to sprinkle on the bread
Bread,six day-old tuscan bread
Bread,sourdough bread
Bread,sourdough bread boules
Bread,toasty bread
Bread,until deep golden brown. remove bread from pan
Bread,wheat bread
Brie,alouette crème de brie
Bread Crumbs,herbed bread crumbs
Bread Crumbs,panko
Bread Crumbs,panko crumbs
Breadcrumbs,bread crumbs
Breadcrumbs,bread crumbs )
Breadcrumbs,bread crumbs- add
Breadcrumbs,breadcrumbs
Breadcrumbs,coarse bread crumbs
Breadcrumbs,cup bread crumbs
Breadcrumbs,indian breadcrumbs shopping list
Breadcrumbs,japanese breadcrumbs
Breadcrumbs,panko bread crumbs
Breadcrumbs,panko breadcrumbs
Breadcrumbs,seasoned bread crumbs
Breadcrumbs,seasoned breadcrumbs/coating mix
Breadcrumbs,some bread crumbs
Breadcrumbs,style bread crumbs
Breadcrumbs,style breadcrumbs
Breakfast Sausage,diestel breakfast sausage
Bream,sea bream
Brease,spectrum non-hydrogenated shortening
Brie,brie
Brie,brie log
Brie,brie log such as alouette
Brine,brine solution
Brinjal,brinjal
Broccoli,broccoflower
Broccoli,broccoli
Broccoli,broccoli florets
Broccoli,broccoli flowerets
Broccoli,broccoli heads
Broccoli,broccoli rabe
Broccoli,broccoli slaw
Broccoli,broccoli stems
Broccoli,broccolini
Broccoli,head of broccoli
Broth,beef broth
Broth,broth
Broth,flavor concentrated seafood broth
Broth,less-sodium beef broth
Broth,seafood broth
Broth,stock/broth/water
Broth,vegetable broth
Broth,veggie broth
Brown Sugar,brown sugar
Brown Sugar,brown sugar and cinnamon oatmeal
Brown Sugar,brown sugar or
Brown Sugar,brown suger
Brown Sugar,dark-brown sugar
Brown Sugar,firmly brown sugar
Brown Sugar,firmly-packed brown sugar
Brown Sugar,golden brown sugar
Brown Sugar,light-brown sugar
Brown Sugar,t brown sugar
Brown Sugar,un-packed brown sugar
Brownie,chocolate brownies
Brownie Mix,brownie mix
Brownie Mix,brownies
Brussel Sprouts,.2 lb. brussels sprouts
Brussel Sprouts,brussel sprouts
Brussel Sprouts,brussels sprouts
Buns,burger buns
Buns,hamburger buns
Buns,hotdog buns
Buns,slider buns
Butter,▢ butter
Butter,¾ butter
Butter,almond butter
Buttermilk,buttermik
Butter,browned butter
Butter,butter
Butter,butter butter
Butter,butter flavor shortening
Butter,butter into pieces
Butter,butter substitute
Butter,butter to
Butter,butter to grease the ramekins
Butter,butter vanilla bakery emulsion
Butter,butter/margarine
Butter,country crock buttery spread
Butter,earth balance butter
Butter,earth balance buttery spread
Butter,earth balance coconut spread
Butter,earth balance soy free spread
Butter,kerrygold butter
Butter,non-dairy butter
Butter,tablespoons butter
Cadbury Egg,cadbury eggs
Butter,tbs. - butter
Butter,to 3 butter
Butter,vegan butter
Butter,vegan buttery spread
Butter,dairy-free margarine
Butter,earth balance soy free margarine
Butter,ghee
Butter,margarine
Butter,smart balance heart right
Buttermilk,butter milk
Buttermilk,buttermilk
Buttermilk,buttermilk can be used as a substitute
Buttermilk,"franks, buttermilk"
Buttermilk,pt. buttermilk
Butternut Squash,butternut
Butternut Squash,butternut squash
Butternut Squash,butternut squash and cubes
Butternut Squash,butternut squash weighing
Butternut Squash,roasted butternut squash
Butternut Squash,two butternut squash
Butterscotch,butterscotch chips
Cabbage,beijing cabbage
Cabbage,cabbage
Cabbage,cabbage head
Cabbage,green cabbage
Cabbage,napa cabbage
Cabbage,purple cabbage
Cabbage,savoy cabbage
Cake,round cake
Cake,sponge cake
Cake Mix,betty crocker chocolate fudge cake mix
Cake Mix,cake mix
Cake Mix,"devils food cake mix, chocolate fudge pudding mix"
Cake Mix,duncan hines classic decadent cake mix
Cake Mix,lemon cake mix
Cake Mix,sponge cake mix
Cake Tin,line a 8 cake tin
Cake Tin,line a 8 square cake tin
Calamansi,calamansi
Candlenuts,candlenuts
Candy,brown and orange m&ms
Candy,candied ginger
Candy,candy canes
Candy,candy eyes
Candy,candy melts
Candy,candy pen and sprinkles
Candy,peppermint candies
Candy,peppermint flavor
Candy,peppermint flavoring
Candy,m&m candies
Candy,rolos
Candy Corn,candy corn
Capers,capers
Capers,capers - plus caper juice
Capers,capers plus 2 tablespoons caper juice
Capsico Sauce,capsico sauce
Capsicum,capsicum
Caramel,caramel dessert topping
Caramel,caramel sauce
Caramel,"mrs richardsons butterscotch caramel sauce, vanilla pudding"
Caramel,dulce de leche
Caraway,caraway seed
Caraway,caraway seeds
Caraway,ground caraway seeds
Cardamom,cardamom
Cardamom,cardamom pods
Cardamom,cardamom powder
Cardamom,cardamom seeds
Cardamom,cardamoms
Cardamom,cardamoms/ elaichi
Cardamom,cardamon
Cardamom,cardamon pods
Cardamom,cardamon powder
Cardamom,cardomon pods
Cardamom,ground cardamom
Cardamom,ground cardamon
Cardamom,pod cardamom
Cardamom,pods cardamom
Carob,carob powder
Carrots,baby carrots
Carrots,big carrot
Carrots,broccoli/cauliflower/carrots
Carrots,carrot
Carrots,carrot julienne cut
Carrots,carrots
Carrots,carrots-peeled
Carrots,mediums sized carrots
Carrots,on carrots
Celery Salt,celery salt
Celery Seed,celery seed
Celery Seed,celery seeds
Carrots,peas & carrots
Carrots,peas and carrots
Carrots,peas-carrots mix shopping list
Carrots,pickled carrot and daikon
Carrots,size carrot
Carrots,vegetable scraps - carrot
Carrots,vegetables - we prefer peas and carrots
Cashews,cashew nuts
Cashews,cashew nuts- a bit
Cashews,cashew pieces
Cashews,cashewnuts
Cashews,cashews
Cashews,roasted cashews
Cassava,cassava
Cauliflower,cauliflower
Cauliflower,cauliflower 1 head
Cauliflower,cauliflower florets
Cauliflower,cauliflower head
Cauliflower,cauliflower mash
Cauliflower,orange cauliflower
Caviar,arënkha msc caviar substitute
Caviar,caviar
Cayenne,cayenne
Cayenne,cayenne pepper
Cayenne,cayenne pepper or
Cayenne,cayenne powder
Cayenne,dashes of cayenne pepper
Cayenne,ground cayenne
Cayenne,ground cayenne pepper
Cedar Plank,cedar plank
Celery,▢ celery
Celery,carrot and celery sticks
Celery,celery
Celery,celery leaves
Celery,celery root
Celery,celery stalk
Celery,celery stalks
Celery,celery stick
Celery,celery sticks
Celery,sticks celery
Cereal,cereal
Cereal,corn flakes/bran flakes
Cereal,oatmeal cornflakes
Cereal,rice cereal
Cereal,rice krispies
Chai,chai concentrate
Chana Dal,chana dal
Chanterellas,chanterelles
Chard,rainbow chard
Chard,swiss chard
Chard,swiss chard leaves
Cheese,a mexican blend
Cheese,adams reserve new york extra sharp cheddar cheese
Cheese,aged pecorino
Cheese,aged provolone
Cheese,asiago
Cheese,asiago cheese
Cheese,bleu cheese
Cheese,block veleveeta cheese
Cheese,brie cheese
Cheese,camembert cheese cut cubes plus extra to put on top
Cheese,chavrie goat cheese
Cheese,chavrie goat cheese pyramid
Cheese,cheddar
Cheese,cheddar cheese
Cheese,cheddar cheese and monterrey jack cheese
Cheese,cheddar cheese or
Cheese,cheese
Cheese,cheese crumbles
Cheese,cheese such as gorgonzola
Cheese,co y jack cheese
Cheese,cotija cheese
Cheese,cups cheese
Cheese,curd cottage cheese
Cheese,daiya vegan m zarella “cheese
Cheese,deli baby swiss cheese
Cheese,emmantel cheese
Cheese,emmental cheese
Cheese,extra sharp cheddar cheese
Cheese,feta cheese
Cheese,fontina cheese
Cheese,goat cheese
Cheese,gorgonzola cheese
Cheese,gouda cheese
Cheese,grana padano cheese
Cheese,grating cheese
Cheese,ground mild cheese
Cheese,gruyere cheese
Cheese,gruyère cheese
Cheese,havarti cheese
Cheese,individual string cheese sticks
Cheese,jack cheese
Cheese,jarlsberg cheese
Cheese,leftover robusto cheese
Cheese,m zarella cheese
Cheese,manchego cheese
Cheese,mexican cheddar jack cheese
Cheese,mexican cheese
Cheese,mexican cheese blend
Cheese,mild cheddar cheese
Cheese,mild goat cheese
Cheese,monterey jack cheese
Cheese,monterrey jack and cheddar cheese
Cheese,monterrey jack cheese
Cheese,montery jack & cheddar cheese mix
Cheese,mozzarella cheese
Cheese,muenster cheese
Cheese,neufchatel cheese
Cheese,"optional - few of cheese - we use sheeps milk, if unavailable"
Cheese,part-skim mozzarella cheese
Cheese,pecorino
Cheese,pecorino cheese
Cheese,pecorino romano
Cheese,pecorino romano cheese
Cheese,pepper jack cheese
Cheese,provolone
Cheese,provolone cheese
Cheese,reduced fat cheddar cheese
Cheese,reduced fat mexican blend cheese
Cheese,romano cheese
Cheese,rounds goat cheese
Cheese,sharp and cheddar cheese
Cheese,sharp cheddar
Cheese,sharp cheddar cheese
Cheese,sharp cheedar cheese
Cheese,style cheese
Cheese,swiss cheese
Cheese,swiss cheese 8 ounces cheddar 2 eggs
Cheese,vegan cheddar shreds
Cheese,wedge of beautiful brie cheese
Cheese,wedges of laughing cow swiss cheese
Cheese,weight cheddar cheese
Cheese,weight lite mozzarella cheese
Cheese,wisconsin cheddar
Chicken,milanese chicken left over
Cheese,feta
Cheese,gorgonzola
Cheese,gorgonzola dip
Cheese,greek feta
Cheese,gruyere
Cheese,havarti
Cheese,monterrey jack
Cheese,piccante gorgonzola crumbles
cheese,porcini
Cheese,queso fresco
Cheese,romano
Cheese,swiss chesee
Cherries,cherries
Cherries,dried cherries
Cherries,maraschino cherries
Cherry Juice,cherry juice
Chevre,chèvre
Chia,chia seeds
Chicken,.6 lb. chicken legs and thighs. this weight usually gives me 4 legs and 4 thighs
Chicken,▢ chicken breasts
Chicken,boned chicken thighs skin intact
Chicken,boned skinned chicken breast
Chicken,boneless/skinless chicken breasts
Chicken,breasts of chicken
Chicken,buffalo strips
Chicken,cans swanson premium chicken breast in water
Chicken,chicken
Chicken,chicken breast
Chicken,chicken breast cutlets
Chicken,chicken breast fillet
Chicken,chicken breast fillets
Chicken,chicken breast halves
Chicken,chicken breast meat
Chicken,chicken breast strips
Chicken,chicken breast strips/pre-cooked/chopped
Chicken,chicken breast thinly marinate
Chicken,chicken breasts
Chicken,chicken breasts and/or thighs
Chicken,chicken breasts halves
Chicken,chicken breasts roasted
Chicken,chicken breasts seasoned
Chicken,chicken bullion cube
Chicken,chicken cutlets
Chicken,chicken drummettes
Chicken,chicken drumsticks
Chicken,chicken drumsticks and 4 thighs
Chicken,chicken fat
Chicken,chicken livers
Chicken,chicken pieces
Chicken,chicken pieces : drumsticks
Chicken,chicken pre
Chicken,chicken tenderloins
Chicken,chicken tenders
Chicken,chicken thigh fillets
Chicken,chicken thigh meat
Chicken,chicken thighs
Chicken,chicken thighs and legs
Chicken,chicken wings
Chicken,chicken wings& drumettes
Chicken,frying chicken parts
Chicken,grilled chicken breasts
Chicken,ground chicken
Chicken,regular chicken wings
Chicken,roast chicken
Chicken,roasted chicken
Chicken,roasting chickens
Chicken,rotisserie chicken
Chicken,rotisserie chicken breast
Chicken,rotisserie chicken cut
Chicken,sauce of the chicken from the turbo broiler
Chicken,skin-on chicken drumsticks
Chicken,swanson premium chicken
Chicken,weight chicken
Chicken,whl chicken breasts
Chicken,drumstick
Chicken Broth,▢ chicken stock
Chicken Broth,can chicken broth
Chicken Broth,chicken broth
Chicken Broth,chicken broth from
Chicken Broth,chicken stock
Chicken Broth,chicken stock and 2 cups of water
Chicken Broth,chicken stock cube
Chicken Broth,chicken stock from
Chicken Broth,chicken stock granules
Chicken Broth,chicken stock see
Chicken Broth,chicken stock)
Chicken Broth,fat-skimmed chicken broth
Chicken Broth,flavor concentrated chicken broth
Chicken Broth,granulated chicken stock powder
Chicken Broth,liquid chicken stock
Chicken Broth,of water and 2 packets of chicken boullion
Chicken Broth,reduced sodium chicken broth
Chicken Broth,swanson chicken broth
Chicken Broth,vegetable/chicken stock
Chicken Bullion,chicken bouillon
Chicken Bullion,chicken powder
Chicken Stock,chicken seasoning cubes
Chicken Stock,cup chicken stock
Chickpeas,chick peas
Chickpeas,chickpeas
Chickpeas,chickpeas. can also use chickpeas
Chickpeas,dried chickpeas
Chile Flake,chili flake
Chile Flake,chili flakes
Chile Flake,chili slit
Chile Flake,chilli flakes
Chile Flake,chilly flakes
Chile Flake,of chilli flakes
Chile Flake,red chili
Chile Flake,sprinkle of chili flakes
Chile Pepper,adobo chipotle pepper puree
Chile Pepper,anaheim chili peppers
Chile Pepper,ancho chili pepper
Chile Pepper,"birds eye chilli pepper, pepper"
Chile Pepper,birds eye chillies
Chile Pepper,california chili pods
Chile Pepper,chile pepper
Chile Pepper,chile peppers
Chile Pepper,chili pepper
Chile Pepper,chili pepper flakes
Chile Pepper,chili peppers
Chile Pepper,chili peppers in adobo sauce
Chile Pepper,chilies
Chile Pepper,chilies use jalapenos if desire more spicy
Chile Pepper,chilis
Chile Pepper,chilis or
Chile Pepper,chilli
Chile Pepper,chilli pepper
Chile Pepper,chillies
Chile Pepper,chillies nos)
Chile Pepper,chillies shopping list
Chile Pepper,chillis
Chile Pepper,chilly
Chile Pepper,ground chili pepper
Chile Pepper,ground chilli
Chile Pepper,jalapeno chili
Chile Pepper,kashmiri chilies- 3-4
Chile Pepper,limes and chillies when serve
Chile Pepper,thai chili peppers
Chile Pepper,thai chilies
Chile Pepper,to 2 chilies slit
Chile Pepper,to 3 chilli padis
Chile Pepper,to 5 chilies
Chile Pepper,whl chili pepper
Chile Sauce,asian chili sauce
Chile Sauce,chili sauce
Chile Sauce,chilli sauce
Chile Sauce,sriracha chile sauce
Chiles,ancho chile
Chiles,chile
Chiles,chiles
Chiles,chiles in adobo sauce
Chiles,chipotle chile
Chiles,chipotle chile pepper in adobo sauce
Chiles,chipotle chiles
Chiles,chipotle chiles adobo
Chiles,chipotle chiles in adobo
Chiles,fresno chile
Chiles,habanero chile
Chiles,habanero sauce and chile
Chiles,jalapeno chile
Chiles,jalapeno chile peppers
Chiles,jalapeño chiles
Chiles,jalepeno chile
Chiles,pablano chile
Chiles,poblano chile
Chiles,poblano chiles
Chiles,serano chiles
Chiles,serrano chiles
Chiles,thai chile
Chili,a pinch of chilli powder
Chili,ancho chile powder
Chili,ancho chili powder
Chili,chile powder
Chili,chili
Chili,chili powder
Chili,chilli powder
Chili,chipotle chili powder
Chili,cumin and chili powder
Chili,ground chile powder
Chili,ground chipotle chile powder
Chili,mild chili powder
Chili,new mexico chili powder
Chili,paprika / chilli powder
Chili,pasilla chile powder
Chili,plus 1 chili powder
Chili Beans,chili beans
Chili Beans,chili beans sauce
Chili Paste,chili paste depending on your taste pref
Chili Paste,chilly paste / korean gochujang paste
Chilie Paste,ground chili paste
Chipotle,chipotle peppers
Chipotle,chipotle powder
Chipotle,chipotles in adobo
Chips,freedom chips
Chips,nacho chips
Chives,chive blossoms
Chives,chives
Chives,chives and dill
Chives,chives to garnish
Chives,dessert spoon chives
Chives,fresh chives
Chives,long stem chives
Chives,round chives
Chives,springs chives
Chocolate,0%% belgium chocolate
Chocolate,70% chocolate
Chocolate,add a hersheys chocolate kiss on top as done
Chocolate,bakers chocolate
Chocolate,baking chocolate
Chocolate,bits of bitter chocolate
Chocolate,bittersweet chocolate
Chocolate,bittersweet chocolate chips
Chocolate,cacao nibs
Chocolate,candy making chocolate
Chocolate,chocolate
Chocolate,chocolate and hazelnuts
Chocolate,chocolate bar
Chocolate,chocolate cake mix
Chocolate,chocolate chip cookie mix
Chocolate,chocolate chips
Chocolate,chocolate chips - chocolate or
Chocolate,chocolate chips semi
Chocolate,chocolate chips- handful
Chocolate,chocolate chunks
Chocolate,chocolate cream
Chocolate,chocolate flakes)
Chocolate,chocolate flavor
Chocolate,chocolate icing
Chocolate,chocolate into chunks
Chocolate,chocolate kisses
Chocolate,chocolate of at least cocoa parts
Chocolate,chocolate shavings
Chocolate,chocolate vegan chocolate chips
Chocolate,chocolate-hazelnut pirouette cookies
Chocolate,chocolate-melted in a bain marie
Chocolate,dairy free chocolate chips
Chocolate,enjoy life brand chocolate chips
Chocolate,enjoy life semi-sweet chocolate chips
Chocolate,garnish: bittersweet chocolate
Chocolate,mexican chocolate
Chocolate,milk chocolate
Chocolate,milk chocolate chips
Chocolate,milk chocolate chocolate chips minus a handful of chips
Chocolate,pinot noir chocolate brownies
Chocolate,pinot noir chocolate icing
Chocolate,quality semi-sweet chocolate chips
Chocolate,rolo chocolate candy
Chocolate,semi baking chocolate
Chocolate,semi chocolate chips
Chocolate,semi-sweet chocolate
Chocolate,semi-sweet chocolate chips
Chocolate,semisweet baking chocolate
Chocolate,semisweet chocolate
Chocolate,semisweet chocolate chip
Chocolate,semisweet chocolate chips
Chocolate,vegan chocolate
Chocolate,xocai healthy chocolate nugget
Chocolate,xocai healthy chocolate nuggets
Chocolate,ganache
Chocolate Chips,nestlé® toll house® premier morsels
Chocolate Cookie,chocolate digestives/plain chocolate cookies
Chocolate Liquer,chocolate liqueur
Chocolate Syrup,chocolate syrup
Chocolate Syrup,ice-cream chocolate shell
Cider,apple cider
Cider,cider
Cider Vinegar,apple cider vinegar
Cider Vinegar,apple vinegar
Cider Vinegar,cider apple vinegar
Cider Vinegar,cider vinegar
Cilantro,bunch cilantro
Cilantro,bunch of cilantro
Cilantro,cilantro
Cilantro,cilantro leaves
Cilantro,cilantro shopping list
Cilantro,cilantro sprigs
Cilantro,cilantro- washed-finely shopping list
Cilantro,coriander/cilantro
Cilantro,fresh cilantro
Cilantro,garnish: cilantro
Cilantro,hand full of cilantro
Cilantro,mint-cilantro chutney spread shopping list
Cilantro,of cilantro
Cinnamon,  cinnamon
Cinnamon,cinnamon
Cinnamon,cinnamon powder
Cinnamon,cinnamon stick
Cinnamon,cinnamon stick broken
Cinnamon,cinnamon sticks
Cinnamon,ground cinnamon
Cinnamon,grounded cinnamon
Cinnamon,thumb-length quill of cinnamon
Clam,clams
Clam Juice,clam juice
Clams,dozens little neck clams
Clams,little neck clams
Clams,littleneck clams
Cloves,cloves
Cloves,ground cloves
Cloves,large cloves
Club Soda,club soda
Cocoa,baking cocoa
Cocoa,cacao powder
Cocoa,chocolate cocoa powder
Cocoa,coco powder
Cocoa,cocoa
Cocoa,cocoa / carob powder
Cocoa,cocoa mix
Cocoa,cocoa powder
Cocoa,cocoa/carob
Cocoa,dutch cocoa
Cocoa,dutch cocoa powder
Cocoa,dutch process cocoa
Cocoa,dutch process cocoa powder
Cocoa,dutch-process cocoa powder
Cocoa,ghirardelli ground cocoa
Cocoa,milo chocolate malt powder
Cocoa,natural cocoa powder
Cocoa,"tablespoons hersheys “special dark” cocoa powder, tablespoons dairy-free"
Coconut,coconut
Coconut,coconut meat
Coconut,coconut or
Coconut,desicated coconut
Coconut,desiccated coconut
Coconut,dessicated coconut
Coconut,grounded coconut
Coconut,unsweetened shredded coconut
Coconut Cream,coconut creamer
Coconut Cream,full fat coconut cream
Coconut Flakes,coconut flakes
Coconut Flakes,unsweeted coconut flakes
Coconut Milk,.8 fl oz. coconut milk
Coconut Milk,coconut milk
Coconut Milk,coconut milk if you can find it
Coconut Milk,full fat coconut milk
Coconut Milk,full-fat coconut milk
Coconut Milk,lite coconut milk
Coconut Milk,vanilla coconut milk or
Coconut Sauce,coconut sauce
Coconut Water,coconut beverage
Coconut Water,coconut water
Coffee,coffee
Coffee,coffee - fcup
Coffee,coffee granules
Coffee,coffee powder
Coffee,espresso powder
Coffee,freshly coffee
Coffee,ground coffee
Coffee,hot-brewed coffee
Coffee,plus 2 espresso powder
Coffee,strong coffee
Coffee,strong coffee decoction
Coffee,strong freshly coffee
Coffee,strong-brewed coffee
Coffee,warm coffee
Coffee,espresso
Coffee,espresso grounds
Coffee,ground espresso
Coffee Liqueur,kahlua
Coffee Liqueur,kahlúa
Cognac,cognac
Cola,coca-cola
Collards,collard greens
Cookies,almond cookies
Cookies,circular cookie cutters
Cookies,cookie base
Cookies,cookie crumbs
Cookies,ginger snap cookies
Cookies,gingersnaps
Cookies,"mcvities wholewheat digestive cookies, cornstarch"
Cookies,oreo cookies
Cookies,oreo cookies 3 cups
Cookies,pre-made sugar cookies
Cookies,pumpkin spice cookies
Cookies,star cookie cutter
Cookies,vegan vanilla cookie crumbs
Cookies,oreo
Cookies,oreo crumbs
Cookies,oreos
Cookies,vanilla wafers
Cooking Oil,¼ olive oil
Cooking Oil,a few es of sesame oil
Cooking Oil,another slug of blood orange olive oil
Cooking Oil,asian sesame oil
Cooking Oil,avocado oil
Cooking Oil,basil oil
Cooking Oil,basil-infused olive oil
Cooking Oil,canola oil
Cooking Oil,canola oil/ butter
Cooking Oil,chili oil
Cooking Oil,chili sesame oil
Cooking Oil,chilly oil
Cooking Oil,coconut & sesame oil
Cooking Oil,coconut oil
Cooking Oil,cooking oil
Cooking Oil,cooking oil / olive oil
Cooking Oil,cooking spoon groundnut oil
Cooking Oil,cooking spoon of vegetable oil
Cooking Oil,cooking spoons of vegetable oil
Cooking Oil,corn oil
Cooking Oil,corn/ olive oil
Cooking Oil,"dales seasoning sauce, olive oil"
Cooking Oil,drizzle of olive oil
Cooking Oil,enough extra virgin olive oil to bind the sauce together
Cooking Oil,extra virgin oil
Cooking Oil,extra virgin olive oil
Cooking Oil,extra virgin olive oil—the best you can afford
Cooking Oil,flax seed oil
Cooking Oil,garlic olive oil
Cooking Oil,ghee/vegetable oil
Cooking Oil,glugs of olive oil
Cooking Oil,grape seed oil
Cooking Oil,grapeseed oil
Cooking Oil,"lawrys garlic salt and pepper, olive oil"
Cooking Oil,liquid coconut oil
Cooking Oil,little vegetable oil
Cooking Oil,"mollie stones blood orange olive oil, dusting of garlic-pepper"
Cooking Oil,oil
Cooking Oil,oil evo
Cooking Oil,oil from the sun tomatoes
Cooking Oil,oil of frying
Cooking Oil,oil olive oil
Cooking Oil,oil sun-dried tomatoes
Cooking Oil,oil-cured olives
Cooking Oil,olive oil
Cooking Oil,olive oil and brush
Cooking Oil,olive oil extra virgin
Cooking Oil,olive oil to brush vegetables
Cooking Oil,olive oil to coat
Cooking Oil,olive olive oil
Cooking Oil,peanut oil
Cooking Oil,quality olive oil
Cooking Oil,regular olive oil
Cooking Oil,safflower oil
Cooking Oil,sesame oil
Cooking Oil,sesame seed oil
Cooking Oil,some frying oil
Cooking Oil,sunflower oil
Cooking Oil,tablespoons olive oil
Cooking Oil,tbsp of olive oil
Cooking Oil,tbsp olive oil
Cooking Oil,tbsp vegetable oil - 100g
Cooking Oil,truffle oil
Cooking Oil,unrefined oil
Cooking Oil,unrefined sunflower oil
Cooking Oil,veg oil
Cooking Oil,vegetable cooking oil
Cooking Oil,vegetable oil
Cooking Oil,vegetable oil shopping list
Cooking Oil,vegetable oil; peanut oil preferred
Cooking Oil,virgin coconut oil
Cooking Oil,virgin coconut oil oil
Cooking Oil,walnut oil
Cooking Oil,your best olive oil
Coriander,coriander
Coriander,coriander and chives
Coriander,coriander half
Coriander,coriander leafs
Coriander,coriander leaves
Coriander,coriander powder
Coriander,coriander seeds
Coriander,coriander to garnish
Coriander,coriander-for garnish
Coriander,corriander
Coriander,ground coriander
Coriander,some coriander
Coriander,tsp ground coriander
Corn,baby corns
Corn,corn
Corn,corn cobs
Corn,corn husks
Corn,corn kernels
Corn,corn on the cob
Corn,ear corn
Corn,ear of corn
Corn,ears corn
Corn,ears of corn
Corn,ears of corn - boil and from the cob
Corn,kernal corn
Corn,kernel corn
Corn,regular corn
Corn Syrup,corn syrup
Cornbread,cornbread
Cornish Game Hen,cornish game hens
Cornmeal,corn meal
Cornmeal,cornmeal
Cornmeal,yellow cornmeal
Cornstarch,corn starch
Cornstarch,cornstarch
Cornstarch,cornstarch to marinate chicken
Cornstarch,cornstarch-mixed
Cornstarch,little cornstarch
Cornstarch,plus 1 cornstarch
Cortido,cortido
Cottage Cheese,cottage cheese
Cottage Cheese,nonfat cottage cheese
Egg Wrappers,egg roll wrappers
Egg Wrappers,egg roll wraps
Eggnog,eggnog
Courgette,courgette
Couscous,couscous
Couscous,israeli couscous
Couscous,regular couscous
Crab,crab meat
Crab,crabmeat
Crab,crabs
Crab,dungeness crab- cooked&
Crab,freshly dungeness crabs
Crab,imitation crab
Crab,imitation crab meat
Crab,lump crab claw meat
Crab,lump crab meat
Crab,lump crabmeat
Crab,surimi crab sticks
Crackers,biscuit type crackers
Crackers,crackers
Crackers,round buttery crackers
Crackers,grain sandwich thins
Cranberries,cranberries
Cranberries,cranberry
Cranberries,cranberry - 125g
Cranberries,package cranberries
Cranberries,roasted cranberry sauce
Cranberry Juice,1/4 cup dried cranberry (juice sweetened if possible)
Cranberry Juice,cranberry juice
Crawfish,crawfish tails
Cream,5%% cooking cream
Cream,5%% cream
Cream,cooking cream
Cream,cream
Cream,cream sauce
Cream,double cream
Cream,full-fat cream
Cream,half and half cream
Cream,heavy cream
Cream,heavy whipping cream
Cream,pastry cream
Cream,t cream
Cream,thickened cream
Cream,vanilla buttercream
Cream,vegan cream
Cream,vegan heavy cream and)
Cream,half & half
Cream,half and half
Cream,half n half
Cream,half-and-half
Cream,half& half
Cream Cheese,approx cream cheese spread
Cream Cheese,bar of cream cheese
Cream Cheese,block of cream cheese
Cream Cheese,cream cheese
Cream Cheese,eight packages ounces cream cheese
Cream Cheese,full-fat cream cheese
Cream Cheese,lowfat cream cheese
Cream Cheese,non-dairy cream cheese
Cream Cheese,philadelphia regular cream cheese
Cream Cheese,philiadelphia balance cream cheese
Cream Cheese,vegan cream cheese
Cream Cheese,weight cream cheese
Cream Cheese,whipped cream cheese
Cream Corn,cream corn
Cream Corn,creamed corn
Cream Soup,"campbells cream of mushroom soup, milk"
Cream Soup,condensed cream of chicken soup
Cream Soup,condensed cream of mushroom
Cream Soup,cream of chicken condensed soup
Cream Soup,cream of chicken soup
Cream Soup,cream of mushroom soup
Creamer,non-dairy creamer like mimiccreme
Crema,crema
Crema,creme de cassis
Crema,crème de cassis
Crema,crème fraîche
Crème de Cocoa,crème de cocoa
Crème Fraiche,alouette cuisine crème fraiche
Crème Fraiche,creme fraiche
Crème Fraiche,crème fraiche
Crème Fraiche,crème fraiche and slivered almond
Crème Fraiche,fromage frais
Cremini,cremini; but your choice)
Crepe,crêpes
Croutons,croutons
Croutons,croûtons
Croutons,texas toast croutons
Crust,crust
Cucumber,cucumber
Cucumber,cucumbers
Cucumber,lebanese cucumber
Cucumber,persian cucumber
Cucumber,persian cucumbers
Cumin,½ cumin
Cumin,cumin
Cumin,cumin powder
Cumin,cumin powder shopping list
Cumin,cumin seed powder
Cumin,cumin seeds
Cumin,cumin seeds/ground cumin
Cumin,ground cumin
Cumin,powdered cumin
Curds,curd
Currants,blackcurrants
Currants,currants
Curry,curry
Curry,curry leaves
Curry,curry leaves shopping list
Curry,curry leaves- 8-10
Curry,curry powder
Curry,japanese curry
Curry Paste,curry paste
Curry Paste,tikka tandoori paste
Daikon,daikon
Daikon,daiya
Daikon,daiya wedge
Dates,date purée
Dates,dates
Dates,mahjool dates
Dates,medjool dates
Dates,to 7 medjool dates
Deli Meat,deli forest ham
Deli Meat,deli ham
Deli Meat,deli turkey
Dill,dill
Dill,dill or
Dill,dill weed
Dill,optional: dill
Dough,roll of pizza dough
Dough,dough
Dough,pizza dough
Dough,recipe pie dough
Dough,refriger pizza crust dough
Dough,tamale dough
Drambuie,drambuie
Dressing,cheese dressing
Dressing,trader joes spicy peanut vinaigrette
Duck,duck breast
Duck,duck breast meat - skin left on
Edamame,edamame
Egg,beated egg
Egg,"betty crockers cake mix, eggs"
Egg,brown eggs
Egg,"confectioners sugar, egg"
Egg,"confectioners sugar, eggs"
Egg,ea. eggs
Egg,egg
Egg,egg )
Egg,egg +2 water
Egg,egg replacement
Egg,egg substitute
Egg,egg to glaze
Egg,egg white
Egg,egg whites
Egg,egg whites - 80g
Egg,egg yolk
Egg,egg yolk with
Egg,egg yolks
Egg,eggs
Egg,eggs 1 walnuts
Egg,eggs the egg yolk from
Egg,eggs whisked
Egg,eggs whites
Garlic Powder,garlic powder
Egg,eggwhite
Egg,ener-g egg replacer
Egg,equivalent of eggs in ener-g egg replacer powder
Egg,flax egg
Egg,hard-boiled eggs
Egg,hardboiled egg
Egg,hardboiled eggs
Egg,liquid egg substitute
Egg,pasteurized egg whites
Egg,pasteurized eggs
Egg,whl egg plus
Egg,whl eggs
Egg Noodle,egg noodles
Egg Noodle,extra wide egg noodles
Eggplant,1 eggplant
Eggplant,baby eggplant
Eggplant,baby eggplants- 10-12
Eggplant,egg plants
Eggplant,eggplant
Eggplant,eggplants
Eggplant,round eggplant
Eggplants,aubergines
Eggs,yolk
Elk,ground elk meat
Enchilada Sauce,enchilada sauce
Enchilada Sauce,la victoria chile verde enchilada sauce
Enchilada Sauce,verde enchilada sauce
Endives,belgian endive
Endives,endive
Endives,salad leaves curly endive
Escarole,escarole
Essence,banana flavoured essence
Evaporated Milk,evaporated milk
Evaporated Milk,evaporated skim milk
Extract,almond essence
Extract,almond extract
Extract,coconut extract
Extract,coffee extract
Extract,"coffee- try starbucks via, vanilla extract"
Extract,lemon extract
Extract,liquid malt extract
Extract,maple extract
Extract,natural butter extract
Extract,orange extract
Extract,peppermint extract
Extract,real vanilla extract
Extract,rum extract
Extract,splash of vanilla extract
Extract,stevia extract powder
Extract,tea spoon of vanilla extract
Extract,tiny drop of almond extract
Extract,tsp vanilla extract
Extract,vanilla bean paste/extract
Extract,vanilla extract
Falafel,falafel
Farro,farro
Farro,gr farro
Fennel,bulb fennel
Fennel,fennel
Fennel,fennel bulb
Fennel,fennel powder
Fennel,fennel seed
Fennel,fennel seeds
Fenugreek,fenugreek leaves
Fenugreek,fenugreek seeds
Feta,marinated feta
Figs,figs
File,filé powder
Fish,another fish
Fish,croaker fish
Fish,fish
Fish Fillet,catfish filets
Fish Fillet,cod
Fish Fillet,cod fillet
Hibiscus,hibiscus petals
Fish Fillet,cod fillets
Fish Fillet,firm-fleshed fish fillets
Fish Fillet,fish fillet
Fish Fillet,fish fillets
Fish Fillet,ground pepper to fillet fish
Fish Fillet,mildly fish fillets
Fish Sauce,fish sauce
Fish Sauce,thai fish sauce
Five Spice,five spice powder
Five Spice,five-spice powder
Flavoring,maple flavoring
Flax Seed,flax seed
Flax Seed,flax seeds
Flax Seed,flaxseed
Flax Seed,flaxseeds
Flax Seed,ground flax
Flax Seed,ground flax seed
Flax Seed,ground flax seeds
Flax Seed,ground flaxseed
Flax Seed,milled flax seed
Fleur del Sel,fleur del sel
Flour,all purpose flour
Flour,all purpose flour and a little more
Flour,all purpose flour dissolve in 1 of water
Flour,all purpose flour plus 1 rounded tablespoon
Flour,all purpose unbleached flour
Flour,almond flour
Flour,ap flour
Ice,ice cubes
Flour,arrowroot flour
Flour,barley flour
Flour,blanched almond flour
Flour,"bobs mill garbanzo bean flour, garlic clove"
Flour,bread flour
Flour,buckwheat flour
Flour,cake flour
Flour,chickpea flour
Flour,coconut flour
Flour,corn flour
Flour,cornflour
Flour,flour
Flour,flour - 200g
Flour,flour 00
Flour,flour and 3 tbsp
Flour,flour blend
Flour,flour to dust
Flour,flour to make a dough
Flour,flour tortilla wraps
Flour,flour tortillas
Flour,flour tortillas torn into bite sized pieces
Flour,flour)
Flour,g all purpose flour
Flour,german #405 flour
Flour,jules flour
Flour,kamut flour
Flour,multi-purpose flour
Flour,my basic flour mix
Flour,oat flour
Flour,oz. flour
Flour,pastry flour
Flour,pau flour
Flour,quinoa flour
Flour,rice flour
Flour,sef-rising flour
Flour,self raising flour
Flour,self rising flour
Flour,sieve the flour
Flour,sorghum flour
Flour,soy flour
Flour,spelt flour
Flour,strong bread flour
Flour,tapioca flour
Flour,teff flour
Flour,unbleached all purpose flour
Flour,unbleached flour
Flour,wheat flour
Flour,wheat flour tea spoon
Flour,wholemeal flour
Flour,wholewheat flour
Flowers,the petals from dandelion flowers
Fondant,cake fondant
Fontina,fontina
Food Coloring,drop natural food coloring
Food Coloring,food coloring
Food Coloring,food colouring
Food Coloring,gel food coloring
Food Coloring,pink food coloring
Food Coloring,purple gel food coloring
Frangelico,frangelico
French Fries,fries
Fruit,fruit
Fruit,fruit bits
Fruit Nectar,all-natural apricot nectar
Fudge,irish whiskey fudge
Fusilloro,fusilloro verrigni o fusilloni
Galangal,galangal
Garlic,▢ garlic
Garlic,½ garlic
Garlic,bouquet garnic
Garlic,bulb garlic
Garlic,chile-garlic paste
Garlic,clove garlic
Garlic,cloves garlic -smashed
Garlic,clv garlic
Garlic,fried garlic
Garlic,from one roasted garlic bulb
Garlic,garlic
Garlic,garlic - &
Garlic,garlic - crushed&
Garlic,garlic bu
Garlic,garlic bulb
Garlic,garlic clove
Garlic,garlic cloves
Garlic,garlic cloves and end core removed
Garlic,garlic cloves-minced
Garlic,garlic glove
Garlic,garlic gloves
Garlic,garlic paste
Garlic,garlic pod
Garlic,garlic salt
Garlic,garlic- shopping list
Garlic,garlic-scapes
Garlic,ginger-garlic paste
Garlic,ginger/garlic paste
Garlic,glove garlic
Garlic,gloves garlic
Garlic,granulated garlic
Garlic,loves of garlic
Garlic,of garlic
Garlic,pc organics roasted garlic and herbs quinoa
Garlic,roasted garlic
Garlic,roasted garlic pieces
Garlic,several garlic
Garlic,spinkle of basil and garlic sea salt
Garlic,to 3 cloves garlic
Garlic,to 5 garlic cloves
Garlic,to garlic
Garlic Paste,ginger and garlic paste
Garlic Paste,ginger garlic paste
Garlic Powder,garlic granules
Garlic Powder,garlic pepper
Garlic Sauce,black bean garlic sauce
Garlic Sauce,black bean garlic sauce from a jar
Garlic Sauce,chili garlic sauce
Garlic Sauce,garlic chili sauce
Garlic Sauce,garlic lime hoisin sauce
Garlic Sauce,thai garlic chili pepper sauce
Garnish,garnish
Gelatin,cherry gelatin
Gelatin,cherry jello
Gelatin,gelatin mix
Gelatin,gelatin powder
Gelatin,gelatine powder
Gelatin,knox powdered gelatin
Gelatin,gelatin
Gelatin,lemon jello
Gelatin,powdered gelatin
Gin,gin
Gin,"hendricks gin, st. germain"
Ginger,big of ginger
Ginger,centimeters piece of ginger
Ginger,cm ginger
Ginger,ginger
Ginger,ginger pod
Ginger,ginger powder
Ginger,ginger root
Ginger,ginger root-smashed
Ginger,ginger- 1
Ginger,ground ginger
Ginger,julienne young ginger
Ginger,old ginger
Ginger,thumb-sized piece of ginger
Ginger Flower,ginger flower
Ginger Powder,powdered ginger
Ginger Syrup,turmeric ginger syrup
Ginger Tea,ginger tea bags
Glass,martini glasses
Glass,palak- cups
Glaze,demi glace
Glaze,glaze
Gnocchi,d gnocchi
Goat,goat meat
Gochugaru,sprinkle gochugaru
Gochujang,gochujang
Graham Cracker,chocolate graham crackers
Graham Cracker,graham wafer crumbs
Graham Crackers,graham cracker crumbs
Graham Crackers,graham crackers
Graham Crackers,graham crackers to crumbs = 1
Graham Crackers,ground graham cracker crumbs
Graham Crackers,sleeve of graham crackers
Granola,grain granola
Granola,granola
Grape Juice,grape juice
Grapefruit,grapefruit
Grapefruit,pink grapefruit
Grapes,california grapes
Grapes,grapes
Gravy,beef gravy
Gravy,"campbells chicken gravy, cut-up vegetables"
Gravy,gravy
Grease,cooking fat
Grease,fat
Grease,fat — my preference is always animal fat
Grease,lard
Grease,non-hydrogenated shortening
Grease,palm shortening
Grease,short
Grease,shortening
Grease,shortening/vegetable lard
Grease,solid vegetable shortening
Grease,vegetable shortening
Green Beans,green beans
Green Beans,string beans
Green Beans,young green beans
Green Onion,green onion
Green Onion,green onion tops
Green Onion,green onion tops optional
Green Onion,green onions
Green Onion,green onions white part
Green Onion,of green onions
Green Onion,spring onion greens
Green Onion,stems green onions
Green Onion,thinly- green onions
Green Onion,to 4 green onions
Green Onion,white of green onions
Greens,greens
Greens,micro greens
Greens,salad greens
Greens,spring greens
Greens,spring salad greens
Grits,coarse corn grits
Grits,grits
Ground Beef,a mixture of 1 pound ground chuck and 1 ground pork
Guacamole,guacamole
Guanciale,guanciale
Guava,guava
Haddock,haddock
Halibut,halibut fillets
Halibut,pacific halibut filets
Ham,deli honey ham
Ham,finely-chopped ham
Ham,ham
Ham,ham hock
Ham,parma ham
Ham,picnic ham
Harissa,harissa
Hashbrowns,hash browns
Hazelnut,ground hazelnut
Hazelnuts,hazelnuts
Hazelnuts,roasted hazelnuts
Hemp,hemp seeds
Herb de Provence,herbes de provence
Herb de Provence,herbes de province
Herb de Provence,herbs de provence
Herb de Provence,herbs de province
Herbs,all of these herbs
Herbs,any herbs you like
Herbs,herbs
Herbs,herbs like: thym
Herbs,herbs such as rosemary
Herbs,herbs: rosemary
Herbs,pack maggi so herbs
Hoison,hoisin sauce
Hoison,hoison sauce
Hollandaise,knorr hollandaise sauce
Hollandaise,knorr hollandaise sauce mix
Honey,clear honey
Honey,creamed wildflower honey
Honey,home made clover honey syrup
Honey,honey
Honey,honey/maple syrup
Honey,honeycomb
Honey,quality honey
Honey,runny honey
Honey,tbsp honey
Horseradish,creamed horseradish
Horseradish,horseradish
Hot Sauce,all the tabasco sauce you handle
Hot Sauce,franks hot sauce
Hot Sauce,hot sauce
Hot Sauce,hot sauce such as sriracha
Hot Sauce,louisiana hot sauce
Hot Sauce,optional: of hot sauce
Hot Sauce,several of tabasco
Hot Sauce,sriracha hot sauce
Hot Sauce,sriracha sauce
Hot Sauce,sriracha sauce/red pepper flakes if desired
Hot Sauce,tabasco
Hot Sauce,tabasco hot sauce
Hot Sauce,tabasco sauce
Ice,ice
Ice,ice tray
Ice,ice water
Ice,icing
Ice Cream,dulce de leche ice cream
Ice Cream,gal. vanilla ice cream
Ice Cream,ice cream
Ice Cream,lit vanilla ice-cream
Ice Cream,strawberry ice cream
Ice Cream,vanilla ice cream
Ice Cream,vanilla ice-cream
Icing,orange gel icing
Icing,gel icing
Icing,vanilla frosting
Irish Cream,baileys
Irish Cream,"baileys irish cream, milk"
Jaggery,jaggery
Jaggery,jaggeryns
Jalapeno,jalapeno
Jalapeno,jalapeño
Jalapeno,jalapenos
Jalapeno,jalapeños
Jalapenos,jalapeno pepper
Jalapenos,jalapeño pepper
Jalapenos,jalapeno peppers
Jalapenos,jalapeño peppers
Jam,apricot gel/jam
Jam,apricot jam
Jam,apricot preserve
Jam,apricot preserves
Jam,fig jam
Jam,fig preserves
Jam,fruit preserves
Jam,garnish: blackberry jam
Jam,grape jelly
Jam,jam
Jam,orange marmalade
Jam,peach preserves
Jam,raspberry fruit spread
Jam,raspberry jam
Jam,raspberry preserves
Jam,redcurrant jelly
Jam,strawberry jam
Jam,strawberry preserves
Jicama,jicama
Juice,juice
Kale,a bunch of kale
Kale,baby kale
Kale,bunchs of kale
Kale,curly kale
Kale,dinosaur kale
Kale,kale
Kale,kale leaves
Kashmiri Mirch,kashmiri mirch
Kasuri Methi,kasuri methi
Katsu Sa,katsu sauce
Kefir,kefir
Ketchup,catsup
Ketchup,ketchup
Ketchup,tomato ketchup
Kiwi,kiwi fruit
Kohlrabi,kohlrabi bulb
Kombu,kombu
Konnyaku,konnyaku powder
Kool Aid,pink lemonade kool-aid
Lady Fingers,lady fingers depending on how you will try to fit them the dish
Parmesan,parmesan reggiano
Parmesan,parmesano-reggian cheese
Parmesan,parmiggiano reggiano
Lady Fingers,ladyfingers
Parmesan,parmigiano reggiano
Parmesan,parmigiano reggiano cheese
Parmesan,parmigiano-reggiano
Parmesan,parmigiano-reggiano cheese
Ladyfingers,pavisini ladyfingers
Lamb,ground lamb
Lamb,lamb
Lamb,lamb loin chops
Lamb,lamb loins
Lamb,lamb shoulder
Lamb,lamb stew meat
Lamb,lamb stock
Lamb,leg of lamb
Lap Cheong,lap cheong
Lasagna Noodle,lasagna noodles
Lasagna Noodle,lasagna noodles - according to package instructions
Lasagna Noodle,tinkyada rice lasagna sheets
Lavendar,culinary lavender buds
Lavender,lavender
Lavender,lavender buds
Leeks,leek
Leeks,leek confit
Leeks,leeks
Lemon,fanta lemon
Lemon,moroccan lemon marinade
Lemon,optional: lemon
Lemon,peel
Lemon,peel of lemon
Lemon,rind lemon
Lemon,rind of a lemon
Lemon,rind of two lemons
Lemon,tamarind - lemon size
Lemon,unwaxed lemons
Lemon,wedge of lemon
Lemon Curd,lemon curd
Lemon Grass,lemon grass
Lemon Juice,add 2 lemon juice
Lemon Juice,fresh-squeezed lemon juice
Lemon Juice,juice from a lemon
Lemon Juice,juice from half a lemon
Lemon Juice,juice from lemon
Lemon Juice,juice from lemons
Lemon Juice,juice of lemon
Lemon Juice,lemon juice
Lemon Juice,lemon juice from a lemon
Lemon Juice,lemon juice or
Lemon Juice,lemon juice squeezed
Lemon Juice,lemon juice- squeezed
Lemon Juice,meyer lemon juice
Lemon Juice,sprinkles of lemon juice
Lemon Juice,squeezed lemon juice
Lemon Verbena,lemon verbena leaves
Lemonade,lemonade concentrate
Lemongrass,ground lemongrass
Lemongrass,lemongrass
Lemongrass,lemongrass stalks
Lemongrass,lemongrass stems
Lemons,jucie of lemons
Lemons,lemon
Lemons,lemon peel
Lemons,lemon rind
Lemons,lemon shopping list
Lemons,lemon wedges
Lemons,lemon zest
Lemons,lemons
Lettuce,arugula lettuce
Lettuce,boston bibb lettuce
Lettuce,boston lettuce
Lettuce,boston lettuce leaves
Lettuce,butter leaf lettuce
Lettuce,butter lettuce
Lettuce,butter lettuce leaves
Lettuce,curly leaf lettuce
Lettuce,i gem lettuce
Lettuce,iceberg lettuce
Lettuce,lambs lettuce
Lettuce,lettuce
Lettuce,romaine lettuce
Lettuce,romaine lettuce hearts
Lettuce,romaine lettuce torn or
Lettuce,roquette arugula lettuce
Lettuce,salad lettuce
Lettuce,the of 1 cos lettuce
Lettuce,weight lettuce
Lettuce,romaine
Lettuce,romaine heart leaves
Lettuce,romaine leaves
Lettuce,salad
Lettuce,salad to serve
Lettuce,spring salad
Lettuce,the salad
Lime,extra lime
Lime,kaffir lime leaves
Lime,lime
Lime,lime rind
Lime,lime wedge
Lime,lime wedges
Lime,lime zest
Lime,limeade more
Lime,limes
Lime,rind of lime
Lime,wedge lime
Lime Juice,¼ lime juice
Lime Juice,juice from lime
Lime Juice,juice of lime
Lime Juice,lime juice
Lime Juice,squeezed lime juice
Limoncello,limoncello
Lintels,brown lentils
Lintels,lentils
Lintels,pd lentils
Lintels,pd of lentils
Liqueur,amaretto liqueur
Liqueur,banana liqueur
Liqueur,crème de cassis liqueur
Liqueur,elderflower liqueur
Liqueur,kahlua coffee liqueur
Liqueur,liquor
Liqueur,orange liqueur
Liqueur,orange liquor
Liqueur,pear liqueur
Liqueur,rum / brandy / coffee liqueur
Liqueur,grand marnier
Liquid Smoke,liquid hickory smoke
Liquid Smoke,liquid smoke
Lobster,lobster tail pieces
Lobster,pd of lobster
Loquats,loquats
Lucuma,lucuma powder
Macadamia,macadamia nuts
Mace,mace
Mackerel,mackerel
Mahi Mahi,mahi-mahi
Mango,flesh of ataulfo mango
Mango,mango
Mango,mango pieces
Mango,mango pulp
Mango,mango puree
Mango,mangoes
Mango,mangos
Marinade,korean marinade
Marinara,batch of “best ever spaghetti sauce
Marinara,marinara sauce
Marinara,pizza sauce
Marinara,spaghetti sauce
Marjoram,marjoram
Marscapone,marscapone cheese
Marscapone,mascarpone cheese
Marscapone,mascarpone
Marshmallow,chocolate vanilla swirl marshmallows
Marshmallow,marshmallow creme
Marshmallow,marshmallow fluff
Marshmallow,marshmallows
Marshmallow,mini-marshmallows
Marshmallow,vegan marshmallows
Marzipan,marzipan
Masa Harina,masa harina
Masala,amchar masala
Masala,chana masala powder
Masala,garam masala
Masala,garam masala spices
Masala,masala molida
Masala,garam
Matcha,matcha tea powder
Matzo,matzo meal
Mayonnaise,mayo
Mayonnaise,mayonaise
Mayonnaise,mayonnaise
Mayonnaise,reduced fat mayo
Mayonnaise,reduced fat mayonnaise
Mayonnaise,veganaise
Mayonnaise,vegenaise
Mesclun Leaves,mesclun leaves
Milk,.5 fl oz. full milk
Milk,1%% milk
Milk,6 liter milk
Milk,condensed milk
Milk,cream/ milk
Milk,cultured dairy
Milk,fat milk
Milk,full cream milk
Milk,full fat milk
Milk,homogenized milk
Milk,liquid milk
Milk,milk
Milk,milk to brush the bread
Milk,non-fat milk
Milk,nonfat milk
Milk,percent milk
Milk,regular milk
Milk,rice milk
Milk,skim milk
Milk,soya milk /fresh milk
Milk,splash of milk
Milk,warm milk
Milk,non-dairy alternative
Milk,powdered milk
Milk Powder,skim milk powder
Potato Flake,potato flakes
Potato Starch,potato starch
Mint,dried/fresh mint
Mint,fresh mint leaves
Mint,mint
Mint,mint leaves
Mint,sprg mint
Mirepoix,mirepoix
Mirin,mirin
Miso,miso
Molasses,blackstrap molasses
Molasses,molasses
Molasses,pomegranate molasses
Mozzarella,bel gioioso mozzarella
Mozzarella,coarsely mozzarella
Mozzarella,mozzarella
Mozzarella,mozzarella cheddar
Mozzarella,whole-milk mozzarella
Muffins,muffins
Mushrooms,baby bella mushrooms
Mushrooms,baby portabella mushrooms
Mushrooms,baby portobello mushrooms
Mushrooms,big shitake mushrooms
Mushrooms,bite sized mushrooms
Mushrooms,brown mushrooms
Mushrooms,button mushrooms
Mushrooms,cremini mushrooms
Mushrooms,crimini mushrooms
Mushrooms,enoki mushrooms
Mushrooms,"mamma lombardis marinara sauce, mushrooms"
Mushrooms,morel mushrooms
Mushrooms,mushroom
Mushrooms,mushroom caps
Mushrooms,mushrooms
Mushrooms,mushrooms soaked in warm 2 teaspoons ginger root
Mushrooms,oyster mushrooms
Mushrooms,porcini mushrooms
Mushrooms,portabella mushrooms
Mushrooms,portabello mushroom
Mushrooms,portabello mushrooms
Mushrooms,portobello mushrooms
Mushrooms,roasted portobello mushrooms
Mushrooms,shiitake mushrooms
Mushrooms,shitake mushroom
Mushrooms,shitake mushrooms
Mushrooms,shitaki mushrooms
Mushrooms,truffle mushroom
Mushrooms,variety of mushrooms
Mushrooms,various mushrooms
Mushrooms,shirataki
Mussels,mussels
Mustard,brown mustard
Mustard,brown mustard seeds
Mustard,coarse mustard
Mustard,dijon grain mustard
Mustard,dijon honey mustard
Mustard,dijon mustard
Mustard,grain mustard
Mustard,ground mustard
Mustard,jack daniels mustard
Mustard,mustard
Mustard,mustard greens
Mustard,mustard powder
Mustard,mustard seeds
Mustard,mustard seeds shopping list
Mustard,spicy brown mustard
Mustard,spicy honey mustard
Mustard,wholegrain mustard
Mustard Powder,ground mustard powder
Mutton,mutton
Naan,naan breads
Nettles,stinging nettles
Nigella Seeds,nigella seeds
Non-Dairy Milk,almond milk
Non-Dairy Milk,chocolate almond milk
Non-Dairy Milk,"colemans mustard, soy milk"
Non-Dairy Milk,hemp milk
Non-Dairy Milk,milk alternative
Non-Dairy Milk,non-dairy milk
Non-Dairy Milk,nut/hemp/coconut milk
Non-Dairy Milk,preferred milk alternative
Non-Dairy Milk,soy milk
Non-Dairy Milk,soya milk
Non-Dairy Milk,soymilk
Non-Dairy Milk,vanilla almond milk
Non-Dairy Milk,vanilla hemp milk
Non-Dairy Milk,vegan milk
Noodle,no boil lasagna noodles
Noodle,noodles
Noodle,precooked vegetable noodles
Noodle,spaghetti noodles
Noodle,sweet potato vermicelli noodles
Noodles,.4 oz. linguine
Noodles,linguine
Nuoc Cham,nuoc cham
Nut Butter,chunky peanut butter
Nut Butter,coconut butter
Nut Butter,crunchy peanut butter
Nut Butter,natural almond butter
Nut Butter,peanut butter
Nut Butter,peanut butter candy pieces
Nut Butter,peanut butter cups
Nut Butter,reeses peanut butter cups
Salad Oil,salad oil
Nut Butter,smooth almond butter
Nut Butter,smooth peanut butter
Nutella,nutella spread
Nutella,nutella
Nutmeg,ground nutmeg
Nutmeg,nutmeg
Nutmeg,tsp. nutmeg
Nuts,nuts
Nuts,nuts and raisins
Oatmeal,blended oatmeal
Oatmeal,oatmeal
Oatmeal,old fashion oatmeal
Oatmeal,old-fashioned oatmeal
Oats,cooking oats
Oats,old fashioned rolled oats
Oats,old-fashioned rolled oats
Oats,rolled oats
Oats,ground oats
Oats,irish oats
Oats,oat bran
Oats,oats
Oats,old fashioned oats
Oats,quaker oats
Oats,steel cut oats
Oats,steel-cut oats
Okra,okra
Olive Oil,extra virgin olive
Olive Oil,"franks hot sauce, olive oil"
Olive Oil,evoo
Olives,blacks olives
Olives,kalamata olives
Olives,manzanilla olives
Olives,niçoise olives
Olives,olive
Olives,olive tapenade
Olives,olives
Olives,pimiento stuffed olives
Olives,slivered kalamata olives
Olives,sun-dried olives
Onion,▢ onion
Onion,a onion
Onion,an onion
Onion,bulb of onion
Onion,caramelized onions
Onion,dehydrated onion
Onion,finely-chopped onion
Onion,half alarge onion
Onion,half an onion
Onion,onion
Onion,onion cut  pieces
Onion,onion nos.
Onion,onion or
Onion,onion powder
Onion,onion salt
Onion,onion- shopping list
Onion,onion-chopped
Onion,onions
Onion,onions and tomatoes
Onion,onions to garnish
Onion,pearl onions
Onion,purple onion
Onion,red onion
Onion,red/white onion
Onion,roasted onions
Onion,shallots/red onion
Onion,size onions
Onion,sm onion
Onion,small-diced onion
Onion,very few onion
Onion,vidalia onion
Onion,vidalia onions
Orange,candied orange peel
Orange,cara cars orange
Orange,clementine orange segents
Orange,mandarin orange segents
Orange,mandarin oranges
Orange,navel orange
Orange,navel oranges
Orange,note: i used oranges
Orange,orange
Orange,orange peel
Orange,orange rind
Orange,orange zest
Orange,oranges
Orange Juice,juice of 1 mandarin (cut crosswise then tablespoon into jar over a strainer)
Orange Juice,juice of 6 tangerines
Orange Juice,juice of orange
Orange Juice,m orange juice
Orange Juice,orange juice
Oranges,satsuma mandarins
Oregano,½ oregano
Oregano,basil and oregano leaves
Oregano,each; oregano
Oregano,oregano
Oregano,oregano flakes
Oregano,oregano leaves
Oregano,oregano powder
Oregano,sprinkle of oregano leaves
Oreos,chocolate sandwich cookies
Oreos,mint oreos
Orzo,orzo pasta
Orzo,orzo
Ovalette,ovalette
Oxtail,approximately oxtail
Oxtail,oxtail
Oxtail,oxtails
Oyster Sauce,oyster sauce
Oysters,dozens oysters
Oysters,oysters
Palm Seed,palm seeds
Pam,pam original flavor
Pam,pam original flavor shopping list
Pancake Mix,pancake mix
Pancetta,pancetta
Paneer,paneer
Panna Cotta,panna cotta
Paprika,paprika powder
Paprika,ground paprika
Paprika,hungarian paprika
Paprika,mild paprika
Paprika,paprika
Paprika,paprika to garnish
Paprika,smoky paprika
Paprika,tsps of spicy paprika powder
Parchment Paper,you will also need: parchment paper
Parmesan,.5 oz. parmesan cheese
Parmesan,additional parmesan cheese
Parmesan,herbed parmesan drop biscuits
Parmesan,parmesan
Parmesan,parmesan and m zarella cheese
Parmesan,parmesan cheese
Parmesan,parmesan cheese - is best
Parmesan,parmesan into ribbons
Parmesan,parmigiano cheese
Parmesan,shavings of parmesan into each bowl at serving
Parmesan,some parmesan to serve
Parmesan,the following: parmesan rind)
Parmesan,parmesean
Parmesan,parmigiano
Parmesan,parmigiano rind
Parsely,flat parsely
Parsley,bunchs parsley
Parsley,dessert spoon flat leaf parsley
Parsley,flat leaf parsley
Parsley,flat parsley
Parsley,flat parsley as optional garnish
Parsley,flat parsley leaves
Parsley,flat-leaf parsley
Parsley,flat-leaf parsley leaves
Parsley,fresh parsley
Parsley,freshly parsley
Parsley,parsley
Parsley,parsley flakes
Parsley,parsley leaves
Parsley,parsley or
Parsley,parsley/coriander leaves
Parsley,several parsley sprigs
Parsley,sprinkle of parsley
Parsley,tabelspoon parsley
Parsley,to garnish: parsley
Parsley,parley
Parsley,parsely
Parsnip,parsnip
Parsnip,parsnips
Pasta,.5 lb. of fettuccini pasta
Pasta,.5 oz. macaroni
Pasta,al dente grain linguini
Pasta,angel hair pasta
Pasta,artisan pasta
Pasta,basil tagliatelle
Pasta,bigoli pasta
Pasta,bow tie pasta
Pasta,bow-tie pasta
Pasta,bowtie pasta cook as directed
Pasta,cavatelli pasta
Pasta,cellantani pasta
Pasta,colorful pasta
Pasta,ditalini pasta
Pasta,ditilini pasta
Pasta,elbow macaroni
Pasta,elbow macaroni pasta
Pasta,elbow pasta
Pasta,farfalle pasta
Pasta,farfalle pasta by barilla
Pasta,favorite macaroni
Pasta,fettuccine pasta
Pasta,grain macaroni
Pasta,lasagne pasta sheets
Pasta,linguini
Pasta,macaroni
Pasta,og pasta
Pasta,pasta
Pasta,pasta like spaghetti
Pasta,penne pasta
Pasta,rigatoni pasta
Pasta,rotini pasta
Pasta,shell pasta
Pasta,short macaroni
Pasta,spiral rice pasta
Spread Cheese,alouette garlic & herbs spreadable cheese
Pasta,tubular pasta
Pasta,you favorite macaroni
Pasta,farfalle
Pasta,fettuccine
Spring Roll,vegetarian spring roll
Pasta,fettuccine barilla
Pasta,penne
Pasta,penne rigate
Pasta,pkt penne
Pasta,rigatoni
Pasta,shells
Pasta,spaghetti
Pasta,vermicelli
Pasta,ziti
Pasta Sauce,alfredo sauce
Pasta Sauce,pasta sauce
Pasta Sauce,tomato pasta sauce
Pastry,choux pastry
Pastry,ginger pastry
Pastry,g puff pastry
Pastry,pastry
Pastry Crust,package puff pastry- 2 crusts
Pastry Crust,pastry crust
Pastry Crust,vanilla wafer crumbs
Pate,pate
Peach Jucice,peach juice
Peaches,cut up peaches
Peaches,peach
Peaches,peach halves
Peaches,peach pie filling
Peaches,peaches
Peanut Butter,creamy peanut butter
Peanut Butter,jif natural creamy peanut butter
Peanuts,chop roasted peanuts
Peanuts,honey-roasted peanuts
Peanuts,peanuts
Peanuts,peanutsns
Peanuts,roasted coarse peanuts
Peanuts,roasted peanuts
Pear Juice,3 cups fresh juice of ripe usa pears
Pears,anjou pear
Pears,asian pears
Pears,avocado pear
Pears,bosc pear
Pears,but pears
Pears,freshly usa pear
Pears,jar pear
Pears,pear
Pears,pear puree
Pears,pear sauce
Pears,pears
Pears,purée of usa bartlett pear
Peas,gr of peas
Peas,peas
Peas,peas julienne cut
Peas,snap peas
Peas,snow peas
Peas,sugar snap peas
Peas,to 1 peas
Peas,snow pea pods
Pecans,nuts pecans
Pecans,pecan nuts
Pecans,sugared pecans make these the day before
Pecans,pecan pieces
Pecans,pecans
Pecans,pecans )
Pecans,trader joes and spicy pecans
Pecans,wholes pecans
Pepitas,pepitas
Pepper,lemon pepper
Pepper,peperoncino
Pepper Flake,a couple of pepper flakes
Pepper Flakes,couple of of pepper flakes
Pepper Flakes,couple of pepper flakes
Pepper Flakes,of pepper flakes
Pepper Flakes,pch pepper flakes
Pepper Flakes,pepper flakes
Pepper Juice,adobo chipotle pepper juice
Pepper Juice,pepperoncini pepper juice
Pepper Sauce,dsh pepper sauce
Pepper Sauce,pepper sauce
Pepperoni,pepperoni
Peppers,pasilla peppers
Peppers,pepperoncini peppers
Peppers,pepperoncinis
Peppers,peppers
Peppers,roasted and marinated peppers
Peppers,roasted pepper
Peppers,roasted pepper sections
Peppers,roasted peppers
Peppers,serrano pepper
Peppers,snack peppers
Peppers,szechuan peppers
Perch,perch fillets
Pernod,pernod
Persimmons,persimmons
Pesto,basil pesto
Pesto,pesto
Pesto,pesto rosso
Phyllo,athens phyllo shells
Phyllo,phyllo
Phyllo,phyllo dough
Phyllo,phyllo dough sheets
Phyllo,phyllo tartlet shells
Picante,your picante
Picante Sauce,picante sauce
Pickapeppa Sauce,pickapeppa sauce
Pickle Juice,dill pickle juice
Tarragon Vinegar,tarragon vinegar
Pickles,dill pickle
Pickles,dill pickles
Pickles,pickle
Pickles,pickled cucumbers / gherkins
Pickles,pickled jalapeno in a jar)
Pickles,pickled jalapenos
Pico de Gallo,pico de gallo
Pie Crust,nine-inch pie shell
Pie Crust,pie crust
Pie Crust,pie crust already made and on your supermarket refrigerator section
Pie Crust,pie crust dough
Pie Crust,pie crusts
Pie Crust,piecrusts
Pie Crust,pre-baked pie crust
Pie Crust,prebaked pie crust
Pie Crust,the pie crust
Pie Crust,the pie topping
Pie Crust,unbaked 9-inch pie shell
Pie Crust,unbaked pie crust
Pie Crust,uncook pizza crust
Pie Filling,cherry pie filling
Pie Filling,"duncan hines devils food cake, comstock cherry pie filling"
Pie Filling,pie filling
Pignoli,pignoli
Pimentos,pimenton de la vera
Pimentos,pimientos
Pine Nuts,pinenuts
Pineapple,.8 oz. pineapple
Pineapple,dole pineapple tidbits
Pineapple,pine nuts
Pineapple,pineapple
Pineapple,pineapple chunks
Pineapple,pineapple preserves
Pineapple,pineapple rings
Pineapple Juice,pineapple juice
Pistachio,pistachio nuts
Pistachios,pistachios
Pistachios,slivered pistachios
Pistachios,unshelled pistachios
Pita,pita bread
Pita,pita breads
Pita,wholewheat pita breads
Pita,pita pockets
Pita,pitas
Pizza Crust,"mama marys original pizza crust, pumpkin pie filling/mix"
Plantain,finger of plantain
Plantain,over-ripe plantain
Plantain,plantain
Plantain,plantains
Plums,plums
Poblanos,poblano pepper
Poblanos,poblano peppers
Polenta,corn polenta
Polenta,polenta
Polenta,precooked polenta tube
Pomegranate,pomegranate
Pomegranate,pomegranate seeds
Pomegranate,seeds/arils from 1/ pomegranate
Pomegranate Juice,pom wonderful pomegranate juice
Pomegranate Juice,pomegranate juice
Ponzu Sauce,ponzu sauce
Poppy Seed,poppy seed filling
Poppy Seed,poppy seeds
Poppy Seed,poppy-seed filling
Pork,boston butt pork shoulder
Pork,butterflies pork butt
Pork,cut pork chops
Pork,fatty pork
Pork,ground pork
Pork,pork belly
Pork,pork but shoulder thinly marinate
Pork,pork butt
Pork,pork butt shoulder
Pork,pork chops
Pork,pork cubes
Pork,pork escalopes
Pork,pork hock
Pork,pork livers
Pork,pork loin
Pork,pork loin chops
Pork,pork rub
Pork,pork should roast
Pork,pork shoulder
Pork,pork steaks
Pork,pork tenderloin
Pork,pork tenderloins
Pork,tied pork shoulder
Pork,loin. thinly
Potato,baby potatoes
Potato,baking potatoes
Potato,baking potatoes recommended
Potato,charlotte potatoes
Potato,ea. baking potatoes
Potato,even roasted sweet potato
Potato,fingerling potatoes
Potato,irish potatoes
Potato,new potatoes
Potato,par potatoes
Potato,potato
Potato,potato buds
Potato,potato tots
Potato,potato- boils
Potato,potatoes
Potato,potatoes - remove skin
Potato,russet idaho potato
Potato,russet potato
Vegetable Oil,vegetable oil to fry the chicken
Potato,russet potatoes
Potato,skin potatoes
Potato,yukon gold potato
Potato,yukon gold potatoes
Potatoes,baking potaotes
Potatoes,big russet
Pound Cake,pound cake
Powdered Sugar,confectioners sugar
Powdered Sugar,confectioners sugar - optional
Powdered Sugar,"confectioners sugar, butter"
Powdered Sugar,"confectioners sugar, carton whipped topping"
Powdered Sugar,"confectioners sugar, cranberries"
Powdered Sugar,"confectioners sugar, cream cheese"
Powdered Sugar,"confectioners sugar, evaporated milk"
Powdered Sugar,"confectioners sugar, unbleached flour"
Powdered Sugar,confectionerss sugar
Powdered Sugar,powder sugar
Powdered Sugar,powdered confectioners sugar
Powdered Sugar,powered sugar
Powdered Sugar,"tablespoons confectioners sugar, turbinado sugar"
Prawns,prawn
Prawns,prawns
Prawns,tiger prawns
Pretzels,pretzels
Prosciutto,prosciutto
Protein,premier protein
Protein,protein
Protein,protein powder
Protein Powder,hemp protein powder
Protein Powder,whey powder
Protein Powder,whey protein
Prune,prune- cut to pieces
Prune,prunes
Psyllium Husk,psyllium fibre husks
Pudding,butterscotch pudding
Pudding,chocolate pudding
Pudding,chocolate pudding mix
Pudding,lemon pudding mix
Pudding,pudding
Pudding,reg. size containers lemon pudding
Pudding,vanilla pudding
Pudding,vanilla pudding- 4 serving size
Puff Pastry,puff pastry
Puff Pastry,puff pastry buitoni
Puff Pastry,puff pastry dough
Puff Pastry,puff pastry dough sheets
Puff Pastry,ready-made puff pastry
Pumpkin,muscat pumpkin
Wine Vinegar,ume plum vinegar
Pumpkin,pumpkin
Pumpkin,pumpkin puree
Pumpkin,pumpkin seeds
Pumpkin,roasted pumpkin puree
Pumpkin,solid-pack pumpkin
Quark,german quark
Quark,quark
Quince,quinces
Quinoa,quinoa
Quom Mince,quorn mince
Radicchio,radicchio
Radicchio,radicchio thinly
Radish,daikon radish
Radish,daikon radishes
Radish,radish
Radish,radishes
Raisins,craisins
Raisins,golden raisins
Raisins,optional: raisins
Raisins,raisin
Raisins,raisins
Ramen,neoguri ramen
Rapini,rapini leaves
Red Wine,apothic red wine
Red Wine,cabernet sauvignon wine
Red Wine,marsala wine
Red Wine,port wine
Red Wine,red wine
Red Wine,red wine pepper flakes
Red Wine,rose syrah wine
Red Wine,handcraft pinot noir
Red Wine,sherry
Refried Beans,refried beans
Relish,cranberry-orange relish
Rhubarb,rhubarb
Rhubarb,strawberry rhubarb compote
Ribs,baby back pork ribs
Ribs,baby back ribs
Ribs,pork ribs
Ribs,spare ribs
,almond paste
,anchovy paste
,asafetida
,baby carrots 4 stalks celery 1 can mushrooms 1 piece pepper 1 cup flour and 3 tbsp 2 tablespoons bee
,biryani paste- recipe below
Rice,▢ rice
Rice,arborio rice
Rice,basmati rice
Rice,basmati rice soaked in water
Rice,bowl rice
Rice,brown basmati rice
Rice,brown rice
Rice,brown rice flour
Rice,glutinous rice
Rice,japanese rice
Rice,jiafan rice wine
Rice,louisiana rice
Rice,mahogany rice
Rice,pkt near east rice pilaf see note
Rice,quinoa and brown rice mix
Rice,regular rice
Rice,rice
Rice,rice vermicelli
Rice,rice vermicelli - soaked in water
Rice,rice vermicelli soaked in water
Rice,short grain brown rice
Rice,short grain rice
Rice,slow cook brown rice
Rice Cereal,rice krispies cereal
Rice Noodle,asian rice noodles
Rice Noodle,chow mein noodles
Rice Noodle,japanese ramen noodles
Rice Noodle,rice noodles
Rice Noodle,soba noodles
Rice Noodle,wide rice stick noodles
Rice Wine,rice wine
Ricotta,2%% ricotta cheese
Ricotta,milk ricotta cheese
Ricotta,part-skim ricotta
Ricotta,ricotta
Ricotta,ricotta cheese
Rocket Leaves,rocket leaves
Rolls,brioche rolls
Rolls,ea. hamburger rolls
Rolls,hawaiian rolls
Rolls,kaiser rolls
Rolls,portugese rolls
Rolls,regular crescent rolls
Rolls,richs rolls
Rolls,rolls
Rolls,sub roll
Rolls,sub rolls
Rosemary,rosemary
Rosemary,rosemary leaves
Rosemary,several springs of rosemary
Rosewater,rosewater
Rum,coconut rum
Rum,malibu coconut rum
Rum,rum
Rutabaga,rutabaga
Rye Flakes,rye flakes
Saffron,saffron
Saffron,saffron threads
Sage,▢ sage
Sage,ground sage
Sage,rubbed sage
Sage,sage
Sage,sage and marjoram
Sage,sage leaves
Sake,cooking sake
Sake,sake
Sake,saki
Salad,tomato salad
Salad Dressing,caesar dressing
Salad Dressing,dressing
Salad Dressing,pea-mond dressing
Salad Dressing,pepperidge farm dressing
Salad Dressing,ranch dressing
Salad Dressing,salad dressing
Salad Dressing,the dressing
Salad Dressing,meyer lemon vinagirette
Salami,genoa salami
Salmon,salmon steaks
Salmon,pink salmon
Salmon,poached salmon
Salmon,salmon
Salmon,salmon cutlet
Salmon,salmon filet
Salmon,salmon filets
Salmon,salmon fillet
Salmon,salmon fillets
Salsa,chunky salsa
Salsa,salsa
Salsa,salsa fresca
Salsa,salsa verde
Salt,▢ salt
Salt,½ salt
Salt,baking soda salt
Salt,"bette hagans pizza/french bread flour mix, salt"
Salt,big of sea salt
Salt,big sea salt
Salt,coarse kosher salt
Salt,coarse salt
Salt,coarse salt and ground pepper
Salt,coarse sea salt
Salt,course salt
Salt,course sea salt
Salt,course sea salt and pepper
Salt,each: paprika and salt
Salt,flaky sea salt
Salt,"goats cheese, salt and pepper"
Salt,herbal salt
Salt,himalania pink salt
Salt,himalayan salt
Salt,himalayan sea salt
Salt,kosher salt
Salt,kosher salt & pepper
Salt,kosher salt and coarse pepper
Salt,kosher salt and coarsely ground pepper
Salt,kosher salt and cracked pepper
Salt,kosher salt and ground pepper
Salt,kosher salt and pepper
Salt,lawrys seasoned salt
Salt,less than of salt
Salt,"newmans own salad dressing, salt"
Salt,of salt
Salt,p of sea salt
Salt,pch salt
Salt,pepper and salt
Salt,pink salt
Salt,real salt sea salt
Salt,regular sea salt
Salt,rock salt
Salt,salt
Salt,salt ** i used sea salt
Salt,salt & ground pepper
Salt,salt & pepper
Salt,salt and chili flakes
Salt,salt and freshly grounded pepper
Salt,salt and ground pepper
Salt,salt and pepper
Salt,salt and pepper to season
Salt,salt and pepper to tatse
Salt,salt cod fillets
Salt,salt or
Salt,salt pork
Salt,salt shopping list
Salt,salt to fillet fish
Salt,salt-to taste
Salt,salt/pepper
Salt,salt& pepper
Salt,salt& pepper to season
Salt,scant ¼ salt
Salt,sea salt
Salt,sea salt & pepper
Salt,sea salt and ground pepper
Salt,sea salt and pepper
Salt,sea salt or
Salt,sea-salt
Salt,seasoned salt
Salt,seasoning salt
Salt,soy salt
Salt,sprinkle of sea salt
Salt,t kosher salt
Salt,table salt
Salt,truffle salt
Salt,up salt
Sambal Oelek,sambal oelek
Saracha,saracha
Sardines,sardines
Satay,satay sauce
Sauce,sauce
Sauce,marsala
Sauerkraut,sauerkraut
Sausage,▢ sausage
Sausage,a semi-smoked sausage
Sausage,andouille
Sausage,andouille sausage
Sausage,bratwurst
Sausage,bulk sausage
Sausage,chicken sausage
,ginger paste
Sausage,chicken sausage links
Sausage,chorizo
Sausage,chorizo cut to
Sausage,chorizo links
Sausage,chorizo sausage
Sausage,chorizo sausage cut
Sausage,equivalent amount of a ground beef/bulk sausage mix
Sausage,ground sausage
Sausage,ground turkey sausage
Sausage,mild chicken sausage
Sausage,pd sausage
Sausage,pork andouille sausage
Sausage,pork sausage
Sausage,sausage
Sausage,sausage meat
Sausage,sausage without the casing
Sausage,sausages
Sausage,solid chorizo sausage
Sausage,spicy chicken sausage links
Sausage,spicy sausage
Sausage,spicy sausages
Sausage,turkey sausage
Sausage,franks
Sausage,kielbasa
Sausage,knockwurst
Sausage,turkey kielbasa
Scallion,additional scallion tops
Scallion,scallion
Scallion,scallion chunks
Scallion,scallions
Scallion,scallions scallions
Scallion,tablespoons scallions
Scallion,thin- scallion
Scallions,eachs scallions
Scallops,big scallops
Scallops,scallops
Scallops,sea scallops
Schnapps,peach schnapps
Seasoning,cajun seasoning
Seasoning,cajun seasoning in the seasoning aisle at your local grocery store
Seasoning,cajun seasoning mix
Seasoning,chicken seasoning
Seasoning,chili seasoning
Seasoning,complete seasoning
Seasoning,creole seasoning
Seasoning,creole seasoning blend
Seasoning,"dales seasoning, stew meat"
Seasoning,goya seasoning
Seasoning,greek seasoning
Seasoning,grill seasoning
Seasoning,moroccan spice mixture
Seasoning,old bay
Seasoning,old bay seasoning
Seasoning,paul prudhommes poultry seasoning
Seasoning,pork seasoning mix
Seasoning,poultry seasoning
Seasoning,ranch seasoning
Seasoning,seafood seasoning
Seasoning,seasoning
Seasoning,seasoning - make a rub
Seasoning,seasoning blend
Seasoning,seasoning mix
Seasoning,seasoning- or
Seasoning,similar seasoning
Seasoning,suya seasoning mix
Seasoning,taco seasoning
Seasoning,taco seasoning)
Seasoning,teaspon blend seasoning
Seasoning,vegeta seasoning
Seaweed,seaweed
Semolina,semolina
Sesame,pack of sesame leaves
Sesame Seeds,roasted sesame seeds
Sesame Seeds,sesame seed
Sesame Seeds,sesame seeds
Sesame Seeds,sesame seeds to decorate
Shallots,banana shallots
Shallots,shallot
Shallots,shallots
Shallots,thinly- shallots
Sherry,cooking sherry
Shrimp,.2 lb shrimp
Shrimp,.5 oz. shrimp
Shrimp,baby shrimp
Shrimp,dressed shrimp
Shrimp,fermented baby shrimps/ cincalok
Shrimp,grilled shrimp seasoned
Shrimp,imitation crab meat/shrimp
Shrimp,pink bay shrimp
Shrimp,shrimp
Shrimp,shrimp - get them
Shrimp,shrimps
Shrimp,the shrimp
Simple Syrup,inverted sugar syrup
Smootie,coconut bliss smoothie
Soda,soda
Soda,soda water
Sour Cream,nonfat-sour cream
,korean honey citron tea paste
Sour Cream,sou cream
Soy,soy granules
Soy,soy lecithin granules
Soy Sauce,add the soy sauce
Soy Sauce,dashs of soy sauce
Soy Sauce,in bowl mix soy sauce
Soy Sauce,kikkoman soy sauce
Soy Sauce,kikkoman soya sauce
Soy Sauce,kkikkoman soy sauce
Soy Sauce,less-sodium soy sauce
Soy Sauce,soy sauce
Soy Sauce,soya sauce
Spelt,spelt
Spelt,spelt bran
Spelt,spelt flakes
Spices,baharat spice mix
Spices,cajun spice
Spices,chai spice
Spices,chai spice blend
Spices,creole spice
Spices,pepper soup spice
Spices,pickling spice
Spices,pumpkin pie spice
Spices,pumpkin spice blend
Spices,russian mulling spice
Spices,spice
Spices,spice islands co
Spices,spice islands tarragon
Spices,spices: paprika powder 1
Spices,suya spice
Spinach,alouette spinach & artichoke spread
Spinach,baby spinach
Spinach,baby spinach leaves
Spinach,baby spinach stems removed
Spinach,creamed spinach
Spinach,full baby spinach
Spinach,nests of spinach fettuccine
Spinach,pkt spinach
Spinach,spinach
Spinach,spinach and arugula
Spinach,spinach leaves
Spinach,spinach loosely
Spinach,spring mix of spinach
Spring Onion,spring onion
Spring Onion,spring onion including the part
Spring Onion,spring onions
Spring Onion,spring onions to 1 cm / 0.5in. pieces
Sprinkles,halloween sprinkles
Sprinkles,sprinkles
Sprite,lemon lime soda
Sprouts,bean sprouts
Sprouts,beansprouts
Sprouts,mung bean sprouts
Sprouts,sprouts
Squash,delicata squash
Squash,kabocha squash
Squash,spaghetti squash
Squash,squash
Squash,squash blossoms
Squash,to 3 sized squashes
Squid,squid rings
Sriracha,a squirt sriracha
Sriracha,sirachi sauce
Sriracha,siracha
Sriracha,sriracha
Star Anise,anise seeds
Star Anise,star anise
Steak,filet mignon steaks
Steak,flank steak
Steak,flat iron steak
Steak,round steak
Steak,sandwich steaks
Steak,sirloin steak
Steak,skirt steak
Steak,skirt steaks
Steak,steak sauce
Steak,steak seasoning
Steak,steaks
Steak,steaks salmon
Steak,top sirloin steak
Steak,ground sirloin
Stew,venison stew meat
Stock,beef stock
Stock,fish stock
Stock,meat stock **please do not use bullion cubes
Stock,vegetable stock from 1 cube
Stock,stock
Stock,turkey stock
Stock,vegetable stock
Stock,vegetable stock from
Strawberry Jam,strawberry jam and cream
Sucanat,sucanat
Sugar,¼ - sugar
Sugar,additional granulated sugar
Sugar,approximately of turbonado sugar
Sugar,cane sugar
Sugar,caster sugar
Sugar,castor sugar
Sugar,coconut sugar
,miso paste
Sugar,date sugar
Sugar,demerara sugar
Sugar,demerrara sugar
Sugar,dsh sugar
Sugar,evaporated cane sugar
Sugar,extra sugar to coat cookies prior to baking
Sugar,g sugar
Sugar,grand cru muscovado sugar waves of sugar
Sugar,granulated sugar
Sugar,icing mixture/sugar
Sugar,icing sugar
Sugar,icing sugar - 55g
Sugar,kg of sugar
Sugar,lime sugar
Sugar,little demerara sugar
Sugar,muscovado sugar
Sugar,palm sugar
Sugar,"penzeys southwest seasoning, sugar"
Sugar,plus 1 tablespoon evaporated cane sugar
Sugar,powdered cane sugar
Sugar,powdered sugar
Sugar,reserve a bit of sugar and cream
Sugar,spiced sugar
Sugar,sugar
Sugar,sugar - 140g
Sugar,sugar cane grand cru swatziland waves of sugar
Sugar,sugar from cane juice
Sugar,sugar or
Sugar,sugar plus
Sugar,sugar substitute
Sugar,superfine sugar
Sugar,swedish pearl sugar
Sugar,tablepsoon sugar
Sugar,tablespoon sugar
Sugar,thai palm sugar
Sugar,to 2 sugar
Sugar,tsp vanilla sugar
Sugar,turbinado sugar
Sugar,vanilla sugar
Sugar,xylitol - use sugar if not available
Sugar,splenda
Sugar,stevia powder
Suma Powder,sumac powder
Sun Dried Tomato,alouette all natural sundried tomato and basil spreadable cheese
Sun Dried Tomato,sun tomato
Sun Dried Tomato,sun tomatoes
Sun Dried Tomato,sun-dried tomatoes
Sun Dried Tomato,sundried tomato & artichoke tuna casserole: serves
Sun Dried Tomato,sundried tomatoes
Sunchokes,sunchokes
Sunflower,sunflower nuts
Sunflower Seeds,sunflower seeds
Swai Fillet,swai fillets
Sweet Potato,sweet potato
Sweet Potato,sweet potatoes
Sweet Potato,sweet potatoes and into
Sweet Potato,sweet potatoes yams -or- 5 and sweet potatoes
Sweet Potato,yam
Swordfish,equal sizes of swordfish
Syrup,"daves vanilla and coffee syrup, lemon zest"
Syrup,maraschino cherry syrup
Syrup,golden syrup
Syrup,karo syrup
Syrup,maple syrup
Syrup,pancake syrup
Syrup,simple syrup
Syrup,simple syrup glaze
Syrup,simple-syrup
Syrup,t maple syrup
Tabouleh,tabouleh
Tahini,lemon tahini sauce
Tahini,tahini paste
Tahini,tahini sauce
Tahini,tahini sesame seed paste
Tahini,sesame tahini
Tahini,tahini
Tamarind,tamari sauce
Tamarind,tamarind paste
Tamarind,wheat free tamari sauce
Tamarind,tamarind
Tamarind,tamarind pulp
Tamarind,tamarind- a lime sized
Tangerine,1 tangerine
Tangerine,1 teaspoon zest from the tangerine
Tapioca,.3 oz. of pearl tapioca
Tapioca,"confectioners sugar, tapioca starch"
Tapioca,cooking tapioca
Tapioca,quick-cooking tapioca
Tapioca,tapioca starch
Tapioca,tapioca/arrowroot flour
Tarragon,tarragon
Tarragon,tarragon leaves
Tarragon,tarragon stalks
Tartar,colorful tartar on a bed of vegetables. also an touch
Tartar,cream of tartar
Tartar Sauce,tartar sauce
Tau Kwa,tau kwa
Taucheo,taucheo
Tea,freshly tea
Tea,tea
Tea,tea bag
Tea,tea bags
Tea Powder,tea powder mix
Tequila,silver tequila
Tequila,tequila
Teriyaki,teriyaki sauce
Thyme,▢ thyme
Thyme,½ thyme leaves
Thyme,dried thyme
Thyme,ground thyme
Thyme,herbs - i use 1 sprig of thyme & a bay
Thyme,rosemary and thyme
Thyme,several thyme sprigs
Thyme,thyme
Thyme,thyme leaves
Thyme,thyme sprigs
Thyme,ts thyme
Thyme,tsps thyme
Tilapia,tilapia
Tilapia,tilapia fillets
Tin Foil,foil
Tobasco,tobasco
Toffee,toffee chips
Tofu,bean curds-tofu
Tofu,block lite tofu
Tofu,block silken tofu
Tofu,extra tofu
Tofu,extra-firm tofu
Tofu,oz tofu
Tofu,silken tofu
Tofu,spicy tofu
Tofu,tofu
Tofu,tofu - shopping list
Tofu,tofu cubes
Tofu,tofu- a block
Tomatillos,tomatillos
Tomato,.5 oz tomatoes
Tomato,▢ tomatoes
Tomato,6 roma tomatoes
Tomato,beefsteak tomato
Tomato,beefsteak tomatoes
Tomato,big tomatoes
Tomato,canned tomatoes
Tomato,cherry tomatoes
Tomato,fire-roasted tomatoes
Tomato,garden tomatoes
Tomato,grape tomatoes
Tomato,ground tomatoes
Tomato,heirloom tomatoes
Tomato,oven tomatoes
Tomato,peeled/ tomatoes
Tomato,petite tomatoes
Tomato,plum tomatoes
Tomato,punnet baby tomatoes
Tomato,ready-cut tomatoes
Tomato,roma tomato
Tomato,roma tomatoes
Tomato,rotel tomatoes
Tomato,round tomatoes
Tomato,size tomatoes
Tomato,spinach and tomato
Tomato,stewed tomatoes
Tomato,super-sweet grape tomatoes
Tomato,to 5 cherry tomatoes
Tomato,tomato
Tomato,tomato coulis
Tomato,tomato)
Tomato,tomatoe
Tomato,tomatoes
Tomato,tomatoes and chilis
Tomato,tomatoes in juice
Tomato,tomatoes into 8ths
Tomato,tomatoes nos)
Tomato,vine ripened tomato
Tomato,vine tomato
,recipe makers chicken bruschetta pasta
Tomato,vine-ripened tomatoes
Tomato Juice,sacremento tomato juice
Tomato Juice,tomato juice
Tomato Paste,tomato paste
Tomato Paste,tomato paste can be subbed
,rice paper
Tomato Paste,tomato puree
Tomato Paste,tomato purée
Tomato Sauce,▢ tomato sauce
Tomato Sauce,pomi strained tomato sauce
Tomato Sauce,tomato basil sauce
Tomato Sauce,tomato sauce
Tomato Sauce,tomato sauce/ tomato paste
Tomato Soup,all natural tomato soup
Tomato Soup,tomato soup
Tomatoes,cherry tomotoes
Toor Dal,toor dal
Toor Dal,toor dal cup
Toothpicks,toothpicks
Tortellini,cheese tortellini
Tortellini,cheese tortellini - prepare
Tortellini,cheese tortellini by buitoni
Tortellini,tortellini
Tortillas,burrito sized tortillas
Tortillas,corn tortillas
Tortillas,fried tortilla strips
Tortillas,grain tortillas
Tortillas,tortilla chips
Tortillas,tortillas
Triple Sec,triple sec
Trout,trout
Tumeric,ground tumeric
Tuna,ahi tuna steak
Tuna,albacore solid tuna
Tuna,albacore tuna - sashimi grade
Tuna,tuna
Tuna,tuna can
Tuna,tuna in olive oil
Tuna,tuna in water
Tuna,water-packed tuna
Turbinado,turbinado
Turkey,extra ground turkey
Turkey,extra-lean ground turkey
Turkey,ground turkey
Turkey,ground turkey meat
Turkey,lobe turkey breast
Turkey,pd of ground turkey
Turkey,turkey
Turkey,turkey breast
Turkey,turkey ham
Turmeric,ground turmeric
Turmeric,tumeric
Turmeric,turmeric
Turmeric,turmeric in 2 ladels of water
Turmeric,turmeric leaf
Turmeric,turmeric little
Turmeric,turmeric powder
Turmeric,turmeric powder tsp
Turmeric,turmeric shopping list
Turnip,turnip
Turnip,turnips
Turo,túró
Twine,kitchen twine
Tzatziki,tzatziki
Urad Dal,skinned urad dal
Vanilla,real vanilla
Vanilla,vanilla
Vanilla,vanilla essence
Vanilla,vanilla flavoring
Vanilla,vanilla pod
Vanilla,vanilla powder
Vanilla,vanilla protein powder
Vanilla Bean,a vanilla bean
Vanilla Bean,vanilla bean
Vanilla Bean,vanilla-bean - lengthwise seeds scraped
Vanilla Paste,vanilla bean paste
Vanilla Paste,vanilla paste
Veal,ground veal
Veal,veal cutlets
Veal,veal shanks
Veal Scaloppine,veal scaloppine
Vegetables,veggies
Vegetables,savory vegetable
Vegetables,vegetables
Vermouth,vermouth rosso
Vin Santo,vin santo
Vinegar,distilled vinegar
Vinegar,rice vinegar
Vinegar,rice wine vinegar
Vinegar,vinegar
Vodka,citron vodka
Vodka,honey vodka
,soy bean paste
Vodka,lemon vodka
Vodka,tru vanilla vodka
Vodka,vodka
Walnut,walnut
Walnut,walnut halves
Walnut,walnut kernels
Walnut,walnut pieces
Walnut,walnut- chop to pieces
Walnuts,finely-chopped walnuts
,spice paste
Walnuts,ground walnuts
Walnuts,nuts such as walnuts
Walnuts,optional: walnuts
Walnuts,walnuts
Walnuts,walnuts - ground in food processor
Wasabi,wasabi maple spread
Wasabi,wasabi paste
Wasabi,wasabi or)
Wasabi,wasabi powder
Water,carbonated water
Water,combination of water
Water,water to the sauce
Water,plus 1 tablespoon water
Water,plus 2 water
Water,seltzer
Water,seltzer water
Water,sparkling mineral water
Water,t water
Water,tap water
Water,twice amount of water
Water,up to ¼ water
Water,warm water
Water,water
Water,water *2
Water,water 4 qts
Water,water to texture desired
Water,worth of water
Water Chestnuts,water chestnuts
Watercress,watercress
Watercress,watercress stems
Watermelon,blended watermelon
Watermelon,seeded/seedless watermelon
Watermelon,watermelon
Watermelon,watermelon flesh
Wheat,bulgar wheat
Wheat,bulgur
Wheat,bulgur wheat
Wheat,cracked wheat
Wheat Bran,wheat bran
Wheat Germ,wheat germ
Wheat Gluten,vital wheat gluten
Whipping Cream,cool whip
Whipping Cream,cool whip - in the refrigerator
Whipping Cream,cup heavy whipping cream
Whipping Cream,g heavy whipping cream
Whipping Cream,non-dairy topping cream
Whipping Cream,whip cream
Whipping Cream,whipped cream
Whipping Cream,whipping cream
Whipping Cream,non-dairy whipped topping
Whipping Cream,whipped topping
Whiskey,irish whiskey
Whisky,rye whiskey
Whisky,scotch whiskey
White Wine,sauvignon blanc white wine
White Wine,white wine
Wine,cooking wine
Wine,full-bodied wine
Wine,shao hsing wine
Wine,shaoxing huatiao wine
Wine,table wine
Wine,wine
Wine Vinegar,champagne vinegar
Wine Vinegar,citrus champagne vinegar
Wine Vinegar,red wine vinegar
Wine Vinegar,red-wine vinegar
Wine Vinegar,sherry vinegar
Wine Vinegar,splash of red wine vinegar
Wine Vinegar,spoonful red wine vinegar
Wine Vinegar,white wine vinegar
Wine Vinegar,white-wine vinegar
Winter Fruit,winter fruit
Worchestershire,worcestershire
Worchestershire,worchester
Worchestershire Sauce,worcestershire sauce
Wrap,es round spring roll wrappers
Wrap,spring roll wrappers
Wrapper,dumpling wrappers
Wrapper,gy a wrappers
Wrapper,won ton wrappers
Wrapper,wonton wrappers
Wrapper,wrap
X,add he ham and chipotle chile powder and stir in. allow to simmer until beans are and are just begin
x,"add the scallions and your protein and continue to stir-fry until its through . add the noodles, turn into a bowl"
X,additional supplies to decorate snowmen
x,color
x,combine biscuit crumbs and butter together in a mixing bowl. press the biscuit crumbs onto the base
x,combine everything in a bowl and chill
x,cooking spoons of blended tatashe-pepper mix
x,country
x,crossing over quintessential american desserts
x,cupcake liners
x,dressing fully
X,microwave the noodles
x,rinse the beans
x,dairy-free
x,dandelion greens
x,enough to be able to handle easily
x,fajita size
x,flavorless
x,globe
x,greek
x,ground
x,hing shopping list
x,"i would have liked to use an version of masa but i couldnt find one at the time of making the tamal, masa"
x,into strips
x,line and grease a 8 springform cake pan
x,local
x,may not be heavy handed
x,mild
x,of
x,optional
x,or
x,or)
x,plus
x,porter
x,prepare as
x,reserved
x,roasted
x,s&p
x,savoury
x,scent leaves
x,skewers
x,stir fry
x,strips.
x,tb.
x,teaspoon
x,to
x,to garnish
x,to-ban-jan
x,to)
x,toppings: such as pickles
x,twist and ends together to make a rough knob. cover
x,unbleached
x ,what you need
x ,wholes
x ,wooden skewers
Xantham Gum,xantham gum
Xantham Gum,xanthan gum
Xantham Gum,xanthan gum)
Xylitol,powdered xylitol
Xylitol,xylitol
Yeast,active yeast
Yeast,dissolve yeast and sugar in
Yeast,dried/instant yeast
Yeast,nutritional yeast
Yeast,nutritional yeast flakes
Yeast,packas yeast
Yeast,pkt yeast
Yeast,quick-rising yeast
Yeast,rapid-rise yeast
Yeast,sachet yeast
Yeast,yeast
Yoghurt,coconut yogurt
Yoghurt,full-fat yogurt
Yoghurt,greek non fat yogurt
Yoghurt,greek yoghurt
Yoghurt,greek yogurt
Yoghurt,lime yogurt
Yoghurt,natural yoghurt
Yoghurt,natural yoghurt/sour cream
Yoghurt,natural yogurt
Yoghurt,natural yogurt/sour cream
Yoghurt,non fat yogurt
Yoghurt,non-fat greek yogurt
Yoghurt,non-fat yogurt
Yoghurt,nonfat greek yogurt
Yoghurt,vanilla coconut yogurt
Yoghurt,vanilla greek yogurt
Yoghurt,vanilla yogurt
Yoghurt,vanilla-honey greek yogurt
Yoghurt,whole-milk yogurt
Yoghurt,yoghurt
Yoghurt,yogurt
Yogurt,chobani pineapple greek yogurt
Yu Choy,yu choy
Yuzu Juice,extra yuzu juice drink
Yuzu Juice,yuzu juice drink
Zucchini,coarsely zucchini
Zucchini,sized zucchinis
Zucchini,zucchini
Zucchini,zucchini cut
Zucchini,zucchini flowers
Zucchini,zucchinis
