Category,Item
Herbs & Spices,Achiote Seed
Vegetable,Acorn Squash
Condiments & Sauces,Adobo Sauce
Baking,Agave Syrup
Herbs & Spices,Ajwain Seed
Herbs & Spices,All Spice
Nuts & Seeds,Almond
Miscellaneous,Almond Meal
Baking,Almond Paste
Snacks & Sweets,Almonds
Grains & Cereals,Amaranth
Beverages,Amaretto
Miscellaneous,Aminos
Proteins,Anchovies
Fruit,Apple
Fruits,Apple Butter
Fruits,Apple Juice
Fruits,Apple Sauce
Fruit,Apricot
Herbs & Spices,Arame
Miscellaneous,Arrowroot
Vegetable,Artichoke
Vegetable,Arugula
Vegetable,Asaparagus
Vegetable,Avacado
Vegetable,Avocados
Proteins,Bacon
Miscellaneous,Baguette
Herbs & Spices,Baharat
Beverages,Baileys
Baking,Baking Mix
Miscellaneous,Baking Pan
Baking,Baking Powder
Baking,Baking Soda
Condiments & Sauces,Balsamic Vinaigrette
Condiments & Sauces,Balsamic Vinegar
Vegetable,Bamboo
Miscellaneous,Banana Leaves
Fruit,Bananas
Condiments & Sauces,Barbecue Sauce
Fruit,Barberries
Grains & Cereals,Barley
Herbs & Spices,Basil
Herbs & Spices,Bay Leaf
Legumes,Beans
Legumes,Beans
Proteins,Beef
Beverages,Beer
Vegetable,Beets
Vegetable,Bell Pepper
Fruits,Berries
Miscellaneous,Biryani Pate
Snacks & Sweets,Biscuits
Beverages,Bitters
Herbs & Spices,Black Pepper
Fruit,Blackberries
Vegetable,Blackeyed Peas
Miscellaneous,Blender
Fruit,Blueberries
Fruits,Blueberry Jam
Vegetable,Bok Choy
Miscellaneous,Bone
Miscellaneous,Bouillon
Miscellaneous,Boullion
Beverages,Bourbon
Grains & Cereals,Bran
Beverages,Brandy
Grains & Cereals,Bread
Grains & Cereals,Bread Crumbs
Grains & Cereals,Breadcrumbs
Proteins,Breakfast Sausage
Proteins,Bream
Miscellaneous,Brease
Dairy,Brie
Miscellaneous,Brine
Vegetable,Brinjal
Vegetable,Broccoli
Miscellaneous,Broth
Baking,Brown Sugar
Snacks & Sweets,Brownie
Grains & Cereals,Brownie Mix
Vegetable,Brussel Sprouts
Grains & Cereals,Buns
Dairy,Butter
Dairy,Buttermilk
Vegetable,Butternut Squash
Baking,Butterscotch
Vegetable,Cabbage
Snacks & Sweets,Cadbury Egg
Grains & Cereals,Cake
Grains & Cereals,Cake Mix
Miscellaneous,Cake Tin
Fruits,Calamansi
Miscellaneous,Candlenuts
Snacks & Sweets,Candy
Snacks & Sweets,Candy Corn
Herbs & Spices,Capers
Herbs & Spices,Capsico Sauce
Vegetable,Capsicum
Snacks & Sweets,Caramel
Herbs & Spices,Caraway
Herbs & Spices,Cardamom
Baking,Carob
Vegetable,Carrots
Nuts & Seeds,Cashews
Vegetable,Cassava
Vegetable,Cauliflower
Proteins,Caviar
Herbs & Spices,Cayenne
Miscellaneous,Cedar Plank
Vegetable,Celery
Herbs & Spices,Celery Salt
Herbs & Spices,Celery Seed
Grains & Cereals,Cereal
Herbs & Spices,Chai
Herbs & Spices,Chana Dal
Vegetable,Chanterellas
Vegetable,Chard
Dairy,Cheese
Fruit,Cherries
Fruits,Cherry Juice
Dairy,Chevre
Grains & Cereals,Chia
Proteins,Chicken
Proteins,Chicken Broth
Proteins,Chicken Bullion
Proteins,Chicken Stock
Legumes,Chickpeas
Herbs & Spices,Chile Flake
Herbs & Spices,Chile Pepper
Herbs & Spices,Chile Sauce
Vegetable,Chiles
Miscellaneous,Chili
Herbs & Spices,Chili Paste
Herbs & Spices,Chili Paste
Condiments & Sauces,Chipotle
Snacks & Sweets,Chips
Herbs & Spices,Chives
Snacks & Sweets,Chocolate
Baking,Chocolate Chips
Snacks & Sweets,Chocolate Cookie
Beverages,Chocolate Liquer
Snacks & Sweets,Chocolate Syrup
Beverages,Cider
Beverages,Cider Vinegar
Herbs & Spices,Cilantro
Herbs & Spices,Cinnamon
Proteins,Clam
Miscellaneous,Clam Juice
Proteins,Clams
Herbs & Spices,Cloves
Beverages,Club Soda
Baking,Cocoa
Miscellaneous,Coconut
Miscellaneous,Coconut Cream
Miscellaneous,Coconut Milk
Miscellaneous,Coconut Sauce
Miscellaneous,Coconut Water
Beverages,Coffee
Beverages,Coffee Liqueur
Beverages,Cognac
Beverages,Cola
Vegetable,Collards
Snacks & Sweets,Cookies
Oils & Fats,Cooking Oil
Herbs & Spices,Coriander
Vegetable,Corn
Baking,Corn Syrup
Grains & Cereals,Cornbread
Proteins,Cornish Game Hen
Grains & Cereals,Cornmeal
Baking,Cornstarch
Miscellaneous,Cortido
Dairy,Cottage Cheese
Vegetable,Courgette
Grains & Cereals,Couscous
Proteins,Crab
Grains & Cereals,Crackers
Fruits,Cranberries
Fruits,Cranberry Juice
Proteins,Crawfish
Dairy,Cream
Dairy,Cream Cheese
Vegetable,Cream Corn
Dairy,Cream Soup
Dairy,Creamer
Dairy,Crema
Dairy,Crème de Cocoa
Dairy,Crème Fraiche
Vegetable,Cremini
Snacks & Sweets,Crepe
Miscellaneous,Croutons
Miscellaneous,Crust
Vegetable,Cucumber
Herbs & Spices,Cumin
Miscellaneous,Curds
Nuts & Seeds,Currants
Herbs & Spices,Curry
Miscellaneous,Curry Paste
Vegetable,Daikon
Fruits,Dates
Proteins,Deli Meat
Herbs & Spices,Dill
Miscellaneous,Dough
Beverages,Drambuie
Miscellaneous,Dressing
Proteins,Duck
Proteins,Edamame
Proteins,Egg
Proteins,Egg Noodle
Miscellaneous,Egg Wrappers
Beverages,Eggnog
Vegetable,Eggplant
Vegetable,Eggplants
Proteins,Eggs
Proteins,Elk
Proteins,Enchilada Sauce
Vegetable,Endives
Vegetable,Escarole
Herbs & Spices,Essence
Dairy,Evaporated Milk
Miscellaneous,Extract
Miscellaneous,Falafel
Grains & Cereals,Farro
Herbs & Spices,Fennel
Herbs & Spices,Fenugreek
Dairy,Feta
Fruits,Figs
Proteins,File
Proteins,Fish
Proteins,Fish Fillet
Proteins,Fish Sauce
Herbs & Spices,Five Spice
Herbs & Spices,Flavoring
Baking,Flax Seed
Herbs & Spices,Fleur del Sel
Grains & Cereals,Flour
Miscellaneous,Flowers
Miscellaneous,Fondant
Dairy,Fontina
Miscellaneous,Food Coloring
Miscellaneous,Frangelico
Grains & Cereals,French Fries
Fruits,Fruit
Fruits,Fruit Nectar
Snacks & Sweets,Fudge
Miscellaneous,Fusilloro
Miscellaneous,Galangal
Herbs & Spices,Garlic
Herbs & Spices,Garlic Paste
Herbs & Spices,Garlic Powder
Miscellaneous,Garlic Sauce
Miscellaneous,Garnish
Baking,Gelatin
Beverages,Gin
Herbs & Spices,Ginger
Herbs & Spices,Ginger Flower
Herbs & Spices,Ginger Powder
Herbs & Spices,Ginger Syrup
Herbs & Spices,Ginger Tea
Miscellaneous,Glass
Miscellaneous,Glaze
Grains & Cereals,Gnocchi
Proteins,Goat
Miscellaneous,Gochugaru
Miscellaneous,Gochujang
Grains & Cereals,Graham Cracker
Grains & Cereals,Graham Crackers
Grains & Cereals,Granola
Fruits,Grape Juice
Fruit,Grapefruit
Fruit,Grapes
Miscellaneous,Gravy
Oils & Fats,Grease
Vegetable,Green Beans
Vegetable,Green Onion
Vegetable,Greens
Grains & Cereals,Grits
Proteins,Ground Beef
Oils & Fats,Guacamole
Proteins,Guanciale
Fruit,Guava
Proteins,Haddock
Proteins,Halibut
Proteins,Ham
Herbs & Spices,Harissa
Vegetable,Hashbrowns
Nuts & Seeds,Hazelnut
Nuts & Seeds,Hazelnuts
Miscellaneous,Hemp
Herbs & Spices,Herb de Provence
Herbs & Spices,Herbs
Herbs & Spices,Hibiscus
Herbs & Spices,Hoison
Miscellaneous,Hollandaise
Baking,Honey
Miscellaneous,Horseradish
Condiments & Sauces,Hot Sauce
Miscellaneous,Ice
Dairy,Ice Cream
Miscellaneous,Icing
Beverages,Irish Cream
Herbs & Spices,Jaggery
Herbs & Spices,Jalapeno
Herbs & Spices,Jalapenos
Snacks & Sweets,Jam
Vegetable,Jicama
Beverages,Juice
Vegetable,Kale
Herbs & Spices,Kashmiri Mirch
Herbs & Spices,Kasuri Methi
Miscellaneous,Katsu Sa
Dairy,Kefir
Condiments & Sauces,Ketchup
Fruit,Kiwi
Vegetable,Kohlrabi
Herbs & Spices,Kombu
Herbs & Spices,Konnyaku
Beverages,Kool Aid
Baking,Lady Fingers
Baking,Lady Fingers
Proteins,Lamb
Proteins,Lap Cheong
Grains & Cereals,Lasagna Noodle
Miscellaneous,Lavendar
Herbs & Spices,Lavender
Vegetable,Leeks
Fruits,Lemon
Fruits,Lemon Curd
Herbs & Spices,Lemon Grass
Fruits,Lemon Juice
Herbs & Spices,Lemon Verbena
Fruits,Lemonade
Fruits,Lemongrass
Fruit,Lemons
Vegetable,Lettuce
Fruits,Lime
Fruits,Lime Juice
Beverages,Limoncello
Miscellaneous,Lintels
Beverages,Liqueur
Herbs & Spices,Liquid Smoke
Proteins,Lobster
Fruit,Loquats
Miscellaneous,Lucuma
Nuts & Seeds,Macadamia
Herbs & Spices,Mace
Proteins,Mackerel
Proteins,Mahi Mahi
Fruit,Mango
Miscellaneous,Marinade
Miscellaneous,Marinara
Herbs & Spices,Marjoram
Dairy,Marscapone
Snacks & Sweets,Marshmallow
Baking,Marzipan
Grains & Cereals,Masa Harina
Herbs & Spices,Masala
Miscellaneous,Matcha
Miscellaneous,Matzo
Condiments & Sauces,Mayonnaise
Vegetable,Mesclun Leaves
Beverages,Milk
Dairy,Milk Powder
Herbs & Spices,Mint
Vegetable,Mirepoix
Miscellaneous,Mirin
Miscellaneous,Miso
Miscellaneous,Molasses
Dairy,Mozzarella
Miscellaneous,Muffins
Vegetable,Mushrooms
Proteins,Mussels
Herbs & Spices,Mustard
Herbs & Spices,Mustard Powder
Proteins,Mutton
Miscellaneous,Naan
Vegetable,Nettles
Herbs & Spices,Nigella Seeds
Dairy,Non-Dairy Milk
Miscellaneous,Noodle
Miscellaneous,Noodles
Miscellaneous,Nuoc Cham
Snacks & Sweets,Nut Butter
Miscellaneous,Nutella
Herbs & Spices,Nutmeg
Nuts & Seeds,Nuts
Grains & Cereals,Oatmeal
Grains & Cereals,Oats
Vegetable,Okra
Oils & Fats,Olive Oil
Miscellaneous,Olives
Vegetable,Onion
Fruits,Orange
Fruits,Orange Juice
Fruit,Oranges
Herbs & Spices,Oregano
Snacks & Sweets,Oreos
Grains & Cereals,Orzo
Miscellaneous,Ovalette
Proteins,Oxtail
Condiments & Sauces,Oyster Sauce
Proteins,Oysters
Nuts & Seeds,Palm Seed
Miscellaneous,Pam
Grains & Cereals,Pancake Mix
Proteins,Pancetta
Dairy,Paneer
Miscellaneous,Panna Cotta
Herbs & Spices,Paprika
Miscellaneous,Parchment Paper
Dairy,Parmesan
Herbs & Spices,Parsely
Herbs & Spices,Parsley
Vegetable,Parsnip
Grains & Cereals,Pasta
Condiments & Sauces,Pasta Sauce
Miscellaneous,Pastry
Miscellaneous,Pastry Crust
Miscellaneous,Pate
Fruits,Peach Juice
Fruit,Peaches
Snacks & Sweets,Peanut Butter
Legumes,Peanuts
Fruits,Pear Juice
Fruit,Pears
Vegetable,Peas
Legumes,Pecans
Nuts & Seeds,Pepitas
Herbs & Spices,Pepper
Herbs & Spices,Pepper Flake
Herbs & Spices,Pepper Flakes
Condiments & Sauces,Pepper Juice
Condiments & Sauces,Pepper Sauce
Proteins,Pepperoni
Vegetable,Peppers
Proteins,Perch
Beverages,Pernod
Fruits,Persimmons
Condiments & Sauces,Pesto
Miscellaneous,Phyllo
Condiments & Sauces,Picante
Condiments & Sauces,Picante Sauce
Miscellaneous,Pickapeppa Sauce
Miscellaneous,Pickle Juice
Miscellaneous,Pickles
Miscellaneous,Pico de Gallo
Grains & Cereals,Pie Crust
Miscellaneous,Pie Filling
Miscellaneous,Pignoli
Vegetable,Pimentos
Nuts & Seeds,Pine Nuts
Fruit,Pineapple
Fruits,Pineapple Juice
Nuts & Seeds,Pistachio
Legumes,Pistachios
Grains & Cereals,Pita
Grains & Cereals,Pizza Crust
Fruits,Plantain
Fruits,Plums
Vegetable,Poblanos
Grains & Cereals,Polenta
Fruit,Pomegranate
Fruits,Pomegranate Juice
Condiments & Sauces,Ponzu Sauce
Herbs & Spices,Poppy Seed
Proteins,Pork
Vegetable,Potato
Vegetable,Potato Flake
Vegetable,Potato Starch
Vegetable,Potatoes
Grains & Cereals,Pound Cake
Baking,Powdered Sugar
Proteins,Prawns
Snacks & Sweets,Pretzels
Proteins,Prosciutto
Proteins,Protein
Proteins,Protein Powder
Fruits,Prune
Miscellaneous,Psyllium Husk
Snacks & Sweets,Pudding
Grains & Cereals,Puff Pastry
Vegetable,Pumpkin
Grains & Cereals,Quark
Fruits,Quince
Grains & Cereals,Quinoa
Proteins,Quom Mince
Vegetable,Radicchio
Vegetable,Radish
Fruits,Raisins
Grains & Cereals,Ramen
Vegetable,Rapini
Beverages,Red Wine
Legumes,Refried Beans
Condiments & Sauces,Relish
Vegetable,Rhubarb
Proteins,Ribs
Grains & Cereals,Rice
Grains & Cereals,Rice Cereal
Grains & Cereals,Rice Noodle
Miscellaneous,Rice Wine
Dairy,Ricotta
Vegetable,Rocket Leaves
Grains & Cereals,Rolls
Herbs & Spices,Rosemary
Herbs & Spices,Rosewater
Beverages,Rum
Vegetable,Rutabaga
Grains & Cereals,Rye Flakes
Herbs & Spices,Saffron
Herbs & Spices,Sage
Beverages,Sake
Vegetable,Salad
Condiments & Sauces,Salad Dressing
Oils & Fats,Salad Oil
Proteins,Salami
Proteins,Salmon
Condiments & Sauces,Salsa
Herbs & Spices,Salt
Herbs & Spices,Sambal Oelek
Condiments & Sauces,Saracha
Proteins,Sardines
Condiments & Sauces,Satay
Miscellaneous,Sauce
Vegetable,Sauerkraut
Proteins,Sausage
Vegetable,Scallion
Vegetable,Scallions
Proteins,Scallops
Beverages,Schnapps
Miscellaneous,Seasoning
Vegetable,Seaweed
Grains & Cereals,Semolina
Herbs & Spices,Sesame
Herbs & Spices,Sesame Seeds
Vegetable,Shallots
Beverages,Sherry
Proteins,Shrimp
Beverages,Simple Syrup
Beverages,Smootie
Beverages,Soda
Dairy,Sour Cream
Beverages,Soy
Condiments & Sauces,Soy Sauce
Grains & Cereals,Spelt
Herbs & Spices,Spices
Vegetable,Spinach
Dairy,Spread Cheese
Vegetable,Spring Onion
Grains & Cereals,Spring Roll
Baking,Sprinkles
Beverages,Sprite
Vegetable,Sprouts
Vegetable,Squash
Proteins,Squid
Miscellaneous,Sriracha
Miscellaneous,Star Anise
Proteins,Steak
Miscellaneous,Stew
Miscellaneous,Stock
Fruits,Strawberry Jam
Baking,Sucanat
Baking,Sugar
Herbs & Spices,Suma Powder
Vegetable,Sun Dried Tomato
Vegetable,Sunchokes
Nuts & Seeds,Sunflower
Nuts & Seeds,Sunflower Seeds
Proteins,Swai Fillet
Vegetable,Sweet Potato
Proteins,Swordfish
Baking,Syrup
Condiments & Sauces,Tabouleh
Condiments & Sauces,Tahini
Condiments & Sauces,Tamarind
Fruits,Tangerine
Baking,Tapioca
Herbs & Spices,Tarragon
Herbs & Spices,Tarragon Vinegar
Miscellaneous,Tartar
Miscellaneous,Tartar Sauce
Condiments & Sauces,Tau Kwa
Condiments & Sauces,Taucheo
Beverages,Tea
Beverages,Tea Powder
Beverages,Tequila
Condiments & Sauces,Teriyaki
Herbs & Spices,Thyme
Proteins,Tilapia
Miscellaneous,Tin Foil
Miscellaneous,Tobasco
Miscellaneous,Toffee
Proteins,Tofu
Vegetable,Tomatillos
Vegetable,Tomato
Beverages,Tomato Juice
Condiments & Sauces,Tomato Paste
Condiments & Sauces,Tomato Sauce
Vegetable,Tomato Soup
Vegetable,Tomatoes
Legumes,Toor Dal
Miscellaneous,Toothpicks
Miscellaneous,Tortellini
Miscellaneous,Tortillas
Beverages,Triple Sec
Proteins,Trout
Proteins,Tuna
Baking,Turbinado
Proteins,Turkey
Herbs & Spices,Turmeric
Vegetable,Turnip
Proteins,Turo
Miscellaneous,Twine
Condiments & Sauces,Tzatziki
Legumes,Urad Dal
Herbs & Spices,Vanilla
Herbs & Spices,Vanilla Bean
Herbs & Spices,Vanilla Paste
Proteins,Veal
Proteins,Veal Scaloppine
Oils & Fats,Vegetable Oil
Vegetable,Vegetables
Beverages,Vermouth
Beverages,Vin Santo
Condiments & Sauces,Vinegar
Beverages,Vodka
Baking,Walnut
Baking,Walnuts
Herbs & Spices,Wasabi
Beverages,Water
Vegetable,Water Chestnuts
Vegetable,Watercress
Fruit,Watermelon
Grains & Cereals,Wheat
Grains & Cereals,Wheat Bran
Grains & Cereals,Wheat Germ
Grains & Cereals,Wheat Gluten
Dairy,Whipping Cream
Beverages,Whiskey
Beverages,Whisky
Beverages,White Wine
Beverages,Wine
Beverages,Wine Vinegar
Fruits,Winter Fruit
Condiments & Sauces,Worchestershire
Condiments & Sauces,Worchestershire Sauce
Miscellaneous,Wrap
Miscellaneous,Wrapper
Baking,Xantham Gum
Miscellaneous,Xylitol
Baking,Yeast
Dairy,Yoghurt
Dairy,Yogurt
Vegetable,Yu Choy
Fruits,Yuzu Juice
Vegetable,Zucchini
